Question,Topic
What are the primary differences between a while loop and a for loop in terms of their usage and application in programming languages?,Programming Fundamentals
Describe the concept of abstraction in programming and explain how it helps in reducing code complexity and improving modularity.,Programming Fundamentals
"Explain the difference between a stack and a queue data structure, including their respective operations and use cases.",Programming Fundamentals
"How do you handle errors and exceptions in a program, and what are the best practices for implementing exception handling mechanisms?",Programming Fundamentals
Compare and contrast the concepts of pass-by-value and pass-by-reference parameter passing mechanisms in programming languages.,Programming Fundamentals
"What is the purpose of the break and continue statements in a loop, and how are they used to control the flow of execution?",Programming Fundamentals
"Describe the process of dynamic memory allocation and deallocation in programming, including the risks and benefits associated with it.",Programming Fundamentals
"Explain the concept of recursion in programming, including its advantages and disadvantages, and provide examples of recursive functions.",Programming Fundamentals
"What are the key differences between a linear search and a binary search algorithm, including their time and space complexities?",Programming Fundamentals
"How do you implement a simple sorting algorithm, such as bubble sort or selection sort, and what are their respective time and space complexities?",Programming Fundamentals
Describe the concept of encapsulation in object-oriented programming and explain how it helps in hiding implementation details and improving code security.,Programming Fundamentals
"Explain the difference between a function and a procedure in programming, including their respective use cases and benefits.",Programming Fundamentals
"What is the purpose of a constructor in object-oriented programming, and how is it used to initialize objects and allocate resources?",Programming Fundamentals
"Compare and contrast the concepts of monolithic and modular programming paradigms, including their respective advantages and disadvantages.",Programming Fundamentals
"How do you implement a simple data structure, such as a linked list or a stack, using a programming language of your choice?",Programming Fundamentals
"Explain the concept of polymorphism in object-oriented programming, including its benefits and common use cases.",Programming Fundamentals
"Describe the process of compiling and linking a program, including the role of compilers, linkers, and loaders.",Programming Fundamentals
"What are the key differences between a static and dynamic typing system in programming languages, including their respective advantages and disadvantages?",Programming Fundamentals
"Explain the concept of inheritance in object-oriented programming, including its benefits and common use cases.",Programming Fundamentals
"How do you optimize the performance of a program by reducing its time and space complexities, including the use of caching and memoization techniques?",Programming Fundamentals
"Describe the concept of a closure in programming, including its benefits and common use cases, such as in functional programming languages.",Programming Fundamentals
"What are the primary differences between a 32-bit and 64-bit operating system, including their respective address spaces and memory management capabilities?",Programming Fundamentals
"Explain the concept of a lambda function or anonymous function in programming, including its benefits and common use cases.",Programming Fundamentals
"Compare and contrast the concepts of imperative and declarative programming paradigms, including their respective advantages and disadvantages.",Programming Fundamentals
"How do you implement a simple event-driven programming model, including the use of callbacks and event handlers?",Programming Fundamentals
What are the key differences between a while loop and a for loop in terms of their syntax and usage in programming languages such as Java or C++.,Programming Fundamentals
Describe the concept of recursion in programming and provide an example of a recursive function that calculates the factorial of a given integer.,Programming Fundamentals
Explain the difference between call by value and call by reference parameter passing mechanisms in programming languages.,Programming Fundamentals
"What is the purpose of the break statement in a loop, and how does it affect the flow of control in a program.",Programming Fundamentals
Compare and contrast the concepts of overloading and overriding in object-oriented programming languages such as Java or C++.,Programming Fundamentals
"Discuss the importance of code modularity in software development, and explain how functions or methods contribute to modularity.",Programming Fundamentals
"How do you handle errors and exceptions in a program, and what are the benefits of using try-catch blocks in programming languages such as Java or C++.",Programming Fundamentals
"What is the difference between a class and an object in object-oriented programming, and provide an example to illustrate this difference.",Programming Fundamentals
"Explain the concept of abstraction in programming, and describe how it is achieved through the use of abstract classes and interfaces.",Programming Fundamentals
"Describe the process of debugging a program, and explain the role of print statements and debuggers in identifying and fixing errors.",Programming Fundamentals
What are the advantages and disadvantages of using a top-down approach versus a bottom-up approach to programming.,Programming Fundamentals
"Explain the concept of encapsulation in object-oriented programming, and describe how it is achieved through the use of access modifiers such as public and private.",Programming Fundamentals
"Discuss the importance of commenting code in programming, and explain how comments can be used to improve code readability and maintainability.",Programming Fundamentals
"How do you optimize the performance of a program, and what are some common techniques used to improve efficiency and reduce execution time.",Programming Fundamentals
"What is the purpose of the continue statement in a loop, and how does it affect the flow of control in a program.",Programming Fundamentals
"Describe the concept of inheritance in object-oriented programming, and explain how it allows for code reuse and modularity.",Programming Fundamentals
"Explain the difference between a stack and a queue data structure, and describe how they are used in programming languages such as Java or C++.",Programming Fundamentals
"Discuss the importance of testing in software development, and explain how unit testing and integration testing contribute to the reliability and quality of a program.",Programming Fundamentals
"What are the key characteristics of a well-designed algorithm, and how do you evaluate the efficiency and effectiveness of an algorithm.",Programming Fundamentals
"Describe the process of refactoring code, and explain how it can improve the readability, maintainability, and performance of a program.",Programming Fundamentals
"Explain the concept of polymorphism in object-oriented programming, and describe how it allows for more flexibility and generic code.",Programming Fundamentals
"How do you handle user input and output in a program, and what are some common techniques used to validate and format user input.",Programming Fundamentals
"What is the difference between a static method and an instance method in object-oriented programming, and provide an example to illustrate this difference.",Programming Fundamentals
"Describe the concept of a linked list data structure, and explain how it is used in programming languages such as Java or C++.",Programming Fundamentals
"Explain the concept of scope and lifetime of variables in programming, and describe how they affect the behavior and memory usage of a program.",Programming Fundamentals
What is the primary difference between a while loop and a for loop in terms of their iteration mechanisms in programming languages such as Java or C++.,Programming Fundamentals
Describe the concept of abstraction in programming and explain how it is used to simplify complex systems by exposing only necessary information to the outside world.,Programming Fundamentals
"Explain the trade-offs between monolithic architecture and microservices architecture in software development, including scalability, maintainability, and communication complexity.",Programming Fundamentals
"Compare and contrast the object-oriented programming principles of encapsulation, inheritance, and polymorphism, providing examples of each in a programming language of your choice.",Programming Fundamentals
"Discuss the importance of input validation in preventing common web application vulnerabilities such as SQL injection and cross-site scripting, providing code snippets to demonstrate secure practices.",Programming Fundamentals
"Define the term ""algorithm"" and describe the key characteristics that distinguish an algorithm from a mere procedure or routine in computer science.",Programming Fundamentals
"What are the advantages and disadvantages of using a recursive approach versus an iterative approach to solve problems in programming, considering factors such as memory usage and computational efficiency.",Programming Fundamentals
"Explain the concept of a call stack and how it is used to manage function calls and returns in programming languages, including the handling of local variables and function parameters.",Programming Fundamentals
"Describe the process of debugging a program, including techniques for identifying and isolating errors, and tools for stepping through code and examining variable values.",Programming Fundamentals
"Discuss the role of variables in programming, including their declaration, initialization, and scope, as well as best practices for naming and using variables in code.",Programming Fundamentals
"Compare the programming paradigms of imperative, object-oriented, and functional programming, highlighting their strengths and weaknesses and providing examples of languages that embody each paradigm.",Programming Fundamentals
"Explain the concept of scope and its significance in programming languages, including the differences between global, local, and block scope, and how scope affects variable accessibility.",Programming Fundamentals
"Define the term ""data structure"" and describe the common data structures used in programming, including arrays, linked lists, stacks, and queues, and their respective operations and use cases.",Programming Fundamentals
"Discuss the importance of code readability and maintainability, including principles for writing clean, modular, and well-documented code, and strategies for refactoring existing codebases.",Programming Fundamentals
"Describe the concept of concurrency in programming, including the benefits and challenges of concurrent execution, and techniques for synchronizing access to shared resources in multithreaded environments.",Programming Fundamentals
"Explain the difference between a procedure and a function in programming, including their purposes, parameter passing mechanisms, and return types, and provide examples of each in a programming language.",Programming Fundamentals
"What are the key differences between static typing and dynamic typing in programming languages, including their implications for code safety, performance, and development speed.",Programming Fundamentals
"Describe the process of testing a program, including unit testing, integration testing, and system testing, and explain the importance of testing in ensuring software quality and reliability.",Programming Fundamentals
"Compare and contrast the programming languages C, C++, and Java, highlighting their origins, syntax, and use cases, as well as their respective strengths and weaknesses.",Programming Fundamentals
"Explain the concept of memory management in programming, including manual memory allocation and deallocation, garbage collection, and smart pointer techniques, and discuss the trade-offs between memory safety and performance.",Programming Fundamentals
"Discuss the role of operators in programming languages, including arithmetic, comparison, logical, and assignment operators, and explain the concept of operator precedence and associativity.",Programming Fundamentals
"Describe the concept of a programming paradigm and explain how different paradigms, such as object-oriented and functional programming, influence the design and implementation of software systems.",Programming Fundamentals
"Explain the significance of comments and documentation in programming, including their role in code readability, maintainability, and understandability, and provide guidelines for writing effective comments and documentation.",Programming Fundamentals
"What are the advantages and disadvantages of using an integrated development environment (IDE) versus a text editor for programming, considering factors such as code completion, debugging, and project management.",Programming Fundamentals
What is the primary difference between a while loop and a for loop in terms of their iteration mechanisms and use cases in programming.,Programming Fundamentals
Describe the concept of abstraction in programming and explain how it is used to reduce complexity and improve code modularity.,Programming Fundamentals
Compare and contrast the concepts of pass-by-value and pass-by-reference parameter passing mechanisms in programming languages.,Programming Fundamentals
"Explain the difference between a compiler and an interpreter, including their roles in the program execution process and the trade-offs between them.",Programming Fundamentals
"Discuss the importance of code commenting and documentation in programming, including their impact on code readability and maintainability.",Programming Fundamentals
"Write a step-by-step analysis of the algorithmic complexity of a given recursive function, including the base case and recursive case.",Programming Fundamentals
Define the concept of scope in programming and explain how it affects variable accessibility and lifetime in a program.,Programming Fundamentals
"Describe a scenario where dynamic memory allocation is necessary in a program, and explain how it can be implemented using pointers.",Programming Fundamentals
Explain the concept of a stack overflow error and how it can occur in a program that uses recursive functions excessively.,Programming Fundamentals
Compare the trade-offs between monolithic programming and modular programming approaches in terms of code organization and reusability.,Programming Fundamentals
"Discuss the role of error handling mechanisms in programming, including try-catch blocks and exception handling.",Programming Fundamentals
Explain the concept of data encapsulation in object-oriented programming and its benefits in terms of code security and reusability.,Programming Fundamentals
Describe a scenario where a programmer would choose to use a linked list data structure instead of an array in a program.,Programming Fundamentals
Define the concept of recursion in programming and explain how it can be used to solve problems that have a recursive structure.,Programming Fundamentals
"Explain the difference between a shallow copy and a deep copy of an object in programming, including their implications for memory management.",Programming Fundamentals
"Discuss the importance of code refactoring in programming, including its impact on code readability, maintainability, and performance.",Programming Fundamentals
"Compare and contrast the concepts of synchronous and asynchronous programming models, including their use cases and trade-offs.",Programming Fundamentals
Explain the concept of a hash table data structure and how it can be used to implement efficient search and insertion operations.,Programming Fundamentals
Describe a scenario where a programmer would choose to use a queue data structure instead of a stack in a program.,Programming Fundamentals
Define the concept of inheritance in object-oriented programming and explain how it can be used to promote code reusability.,Programming Fundamentals
Explain the concept of polymorphism in object-oriented programming and how it can be achieved through method overloading and method overriding.,Programming Fundamentals
"Discuss the role of debugging techniques in programming, including print statements, debuggers, and log files.",Programming Fundamentals
Compare the trade-offs between functional programming and imperative programming paradigms in terms of code style and efficiency.,Programming Fundamentals
"Explain the concept of a lambda function in programming and how it can be used to implement small, anonymous functions.",Programming Fundamentals
Describe a scenario where a programmer would choose to use a tree data structure instead of a graph in a program.,Programming Fundamentals
What are the fundamental principles of Object Oriented Programming and how do they enable the creation of reusable and maintainable code.,Object Oriented Programming
Explain the concept of encapsulation in Object Oriented Programming and provide an example of how it is implemented in a programming language.,Object Oriented Programming
Describe the difference between inheritance and composition in Object Oriented Programming and provide a scenario where one would be preferred over the other.,Object Oriented Programming
How does polymorphism enable more flexibility in Object Oriented Programming and what are the different types of polymorphism that can be achieved.,Object Oriented Programming
What is the purpose of an abstract class in Object Oriented Programming and how does it differ from a concrete class.,Object Oriented Programming
Compare and contrast the concepts of overloading and overriding in Object Oriented Programming.,Object Oriented Programming
Explain the concept of a constructor in Object Oriented Programming and how it is used to initialize objects.,Object Oriented Programming
Describe the role of the 'this' keyword in Object Oriented Programming and how it is used to refer to the current object.,Object Oriented Programming
How does Object Oriented Programming support the concept of data hiding and what are the benefits of this approach.,Object Oriented Programming
What are the advantages and disadvantages of using a deep copy versus a shallow copy of an object in Object Oriented Programming.,Object Oriented Programming
Explain the concept of operator overloading in Object Oriented Programming and provide an example of how it can be implemented.,Object Oriented Programming
Describe the differences between a class and an object in Object Oriented Programming and provide examples of each.,Object Oriented Programming
How does Object Oriented Programming enable code reuse through the use of libraries and frameworks.,Object Oriented Programming
What is the purpose of a destructor in Object Oriented Programming and how is it used to release system resources.,Object Oriented Programming
Explain the concept of static members in Object Oriented Programming and how they differ from instance members.,Object Oriented Programming
Compare and contrast the concepts of static binding and dynamic binding in Object Oriented Programming.,Object Oriented Programming
Describe the role of interfaces in Object Oriented Programming and how they are used to define contracts.,Object Oriented Programming
How does Object Oriented Programming support the concept of multiple inheritance and what are the potential drawbacks of this approach.,Object Oriented Programming
Explain the concept of a singleton class in Object Oriented Programming and provide an example of how it can be implemented.,Object Oriented Programming
What are the benefits and drawbacks of using a singleton pattern in Object Oriented Programming.,Object Oriented Programming
Describe the differences between a concrete class and an abstract class in Object Oriented Programming.,Object Oriented Programming
Explain the concept of dependency injection in Object Oriented Programming and how it enables loose coupling between objects.,Object Oriented Programming
How does Object Oriented Programming support the concept of test-driven development and what are the benefits of this approach.,Object Oriented Programming
What is the purpose of a factory method in Object Oriented Programming and how is it used to create objects.,Object Oriented Programming
Explain the concept of a facade pattern in Object Oriented Programming and provide an example of how it can be used to simplify complex systems.,Object Oriented Programming
What are the fundamental principles of Object Oriented Programming and how do they contribute to the development of modular and reusable code,Object Oriented Programming
Describe a scenario where the use of inheritance in Object Oriented Programming would be beneficial for modeling a complex system,Object Oriented Programming
Explain the concept of polymorphism in Object Oriented Programming and provide an example of how it can be achieved through method overriding,Object Oriented Programming
Compare and contrast the concepts of encapsulation and abstraction in Object Oriented Programming,Object Oriented Programming
How does the single responsibility principle in Object Oriented Programming contribute to the development of maintainable and scalable software systems,Object Oriented Programming
What is the purpose of the constructor in a class and how does it differ from other methods in Object Oriented Programming,Object Oriented Programming
Describe a situation where the use of composition in Object Oriented Programming would be more appropriate than inheritance,Object Oriented Programming
Explain the concept of coupling in Object Oriented Programming and discuss strategies for reducing it in software design,Object Oriented Programming
Discuss the role of interfaces in Object Oriented Programming and how they can be used to define contracts and promote polymorphism,Object Oriented Programming
How does the use of access modifiers in Object Oriented Programming contribute to the encapsulation of data and behavior,Object Oriented Programming
Compare the trade-offs between using deep copying versus shallow copying in Object Oriented Programming,Object Oriented Programming
Explain the concept of the factory pattern in Object Oriented Programming and provide an example of its application,Object Oriented Programming
Describe a scenario where the use of the observer pattern in Object Oriented Programming would be beneficial for modeling a complex system,Object Oriented Programming
What are the key differences between the concepts of aggregation and composition in Object Oriented Programming,Object Oriented Programming
Discuss the role of reflection in Object Oriented Programming and how it can be used to inspect and modify the behavior of objects at runtime,Object Oriented Programming
Explain the concept of the singleton pattern in Object Oriented Programming and discuss its potential drawbacks and limitations,Object Oriented Programming
How does the use of generics in Object Oriented Programming contribute to the development of reusable and type-safe code,Object Oriented Programming
Describe a situation where the use of the decorator pattern in Object Oriented Programming would be more appropriate than inheritance,Object Oriented Programming
Explain the concept of the command pattern in Object Oriented Programming and provide an example of its application,Object Oriented Programming
Discuss the role of object cloning in Object Oriented Programming and how it can be used to create copies of objects,Object Oriented Programming
Compare and contrast the concepts of synchronous and asynchronous programming in Object Oriented Programming,Object Oriented Programming
Explain the concept of the template method pattern in Object Oriented Programming and provide an example of its application,Object Oriented Programming
Describe a scenario where the use of the strategy pattern in Object Oriented Programming would be beneficial for modeling a complex system,Object Oriented Programming
Discuss the role of dependency injection in Object Oriented Programming and how it can be used to promote loose coupling and testability,Object Oriented Programming
What are the fundamental principles of Object Oriented Programming and how do they enable the creation of reusable and modular code.,Object Oriented Programming
Describe the concept of encapsulation in Object Oriented Programming and explain how it helps to hide the implementation details of an object from the outside world.,Object Oriented Programming
Explain the difference between inheritance and composition in Object Oriented Programming and provide an example of when you would use each.,Object Oriented Programming
How does polymorphism enable objects of different classes to be treated as objects of a common superclass in Object Oriented Programming.,Object Oriented Programming
What is the purpose of the 'this' keyword in Object Oriented Programming and how is it used to refer to the current object.,Object Oriented Programming
Compare and contrast the concepts of overloading and overriding in Object Oriented Programming and provide examples of each.,Object Oriented Programming
Describe the process of creating an abstract class in Object Oriented Programming and explain how it is used to provide a partial implementation of a class.,Object Oriented Programming
Explain how the concept of interfaces is used in Object Oriented Programming to define a contract or a set of methods that must be implemented by any class that implements it.,Object Oriented Programming
What are the benefits and drawbacks of using multiple inheritance in Object Oriented Programming and how can it be avoided.,Object Oriented Programming
How does the concept of operator overloading enable developers to redefine the behavior of operators when working with objects of a custom class.,Object Oriented Programming
Describe the concept of a constructor in Object Oriented Programming and explain how it is used to initialize objects when they are created.,Object Oriented Programming
Explain the difference between a class and an object in Object Oriented Programming and provide an example of each.,Object Oriented Programming
What is the purpose of the 'super' keyword in Object Oriented Programming and how is it used to access the members of a superclass.,Object Oriented Programming
Describe the process of creating a singleton class in Object Oriented Programming and explain how it is used to restrict the instantiation of a class to a single object.,Object Oriented Programming
How does the concept of dependency injection enable developers to decouple objects from their dependencies in Object Oriented Programming.,Object Oriented Programming
Explain the concept of a factory method in Object Oriented Programming and provide an example of how it can be used to create objects.,Object Oriented Programming
What are the benefits and drawbacks of using a facade pattern in Object Oriented Programming and how can it be implemented.,Object Oriented Programming
Describe the concept of a proxy object in Object Oriented Programming and explain how it is used to control access to a real object.,Object Oriented Programming
Explain how the concept of reflection enables developers to inspect and modify the behavior of objects at runtime in Object Oriented Programming.,Object Oriented Programming
What is the purpose of a destructor in Object Oriented Programming and how is it used to release resources when an object is no longer needed.,Object Oriented Programming
Describe the process of creating a composite object in Object Oriented Programming and explain how it is used to represent a collection of objects.,Object Oriented Programming
How does the concept of observer pattern enable objects to be notified of changes to other objects in Object Oriented Programming.,Object Oriented Programming
Explain the concept of a template method in Object Oriented Programming and provide an example of how it can be used to define an algorithm.,Object Oriented Programming
What are the benefits and drawbacks of using a decorator pattern in Object Oriented Programming and how can it be implemented.,Object Oriented Programming
Describe the concept of a state pattern in Object Oriented Programming and explain how it is used to manage the state of an object.,Object Oriented Programming
What are the fundamental principles of Object Oriented Programming and how do they enable the creation of reusable and maintainable code.,Object Oriented Programming
Describe the concept of encapsulation in Object Oriented Programming and explain its importance in software development.,Object Oriented Programming
Explain the difference between inheritance and composition in Object Oriented Programming and provide an example of when you would use each.,Object Oriented Programming
How does polymorphism enable objects of different classes to be treated as objects of a common superclass in Object Oriented Programming.,Object Oriented Programming
Compare and contrast the use of abstract classes and interfaces in Object Oriented Programming.,Object Oriented Programming
What is the purpose of the 'this' keyword in Object Oriented Programming and how is it used to refer to the current object.,Object Oriented Programming
Describe a scenario in which you would use a singleton class in Object Oriented Programming and explain the benefits of this design pattern.,Object Oriented Programming
Explain how Object Oriented Programming supports the concept of data hiding and how it is achieved through access modifiers.,Object Oriented Programming
How do you implement operator overloading in a class to provide a more intuitive interface for objects of that class.,Object Oriented Programming
What are the advantages and disadvantages of using deep copying versus shallow copying in Object Oriented Programming.,Object Oriented Programming
Describe the concept of a constructor in Object Oriented Programming and explain its role in object initialization.,Object Oriented Programming
Explain the difference between static and dynamic binding in Object Oriented Programming and provide an example of when you would use each.,Object Oriented Programming
How does Object Oriented Programming support the concept of code reuse through inheritance and polymorphism.,Object Oriented Programming
What is the purpose of the 'super' keyword in Object Oriented Programming and how is it used to access the members of a superclass.,Object Oriented Programming
Describe a scenario in which you would use a factory method pattern in Object Oriented Programming and explain the benefits of this design pattern.,Object Oriented Programming
Explain how Object Oriented Programming supports the concept of exception handling and how it is used to handle runtime errors.,Object Oriented Programming
Compare and contrast the use of composition and aggregation in Object Oriented Programming.,Object Oriented Programming
What are the benefits and drawbacks of using multiple inheritance in Object Oriented Programming.,Object Oriented Programming
Describe the concept of a destructor in Object Oriented Programming and explain its role in object cleanup.,Object Oriented Programming
How does Object Oriented Programming support the concept of multithreading and how is it used to improve the responsiveness of an application.,Object Oriented Programming
Explain the difference between a class and an object in Object Oriented Programming and provide an example of when you would use each.,Object Oriented Programming
What is the purpose of the 'final' keyword in Object Oriented Programming and how is it used to restrict the modification of a class or method.,Object Oriented Programming
Describe a scenario in which you would use a decorator pattern in Object Oriented Programming and explain the benefits of this design pattern.,Object Oriented Programming
Explain how Object Oriented Programming supports the concept of dependency injection and how it is used to reduce coupling between objects.,Object Oriented Programming
What are the advantages and disadvantages of using a prototype-based approach to Object Oriented Programming.,Object Oriented Programming
What is the primary advantage of using a hash table over a binary search tree for storing and retrieving large amounts of data.,Data Structures
Describe the process of inserting a new node at the beginning of a doubly linked list and provide a high-level overview of the necessary steps.,Data Structures
Explain the concept of a stack and how it can be used to implement recursive algorithms iteratively.,Data Structures
Compare and contrast the time and space complexities of using a queue versus a stack to implement a breadth-first search algorithm.,Data Structures
Write a high-level description of an algorithm to find the middle element of a singly linked list.,Data Structures
How does the use of a heap data structure improve the efficiency of a priority queue implementation.,Data Structures
Describe the trade-offs between using a set and a list to store a collection of unique elements.,Data Structures
"What are the implications of using a binary search tree with an unbalanced structure on the performance of search, insert, and delete operations.",Data Structures
Explain the concept of a trie and how it can be used to efficiently store and retrieve large amounts of string data.,Data Structures
Compare the time and space complexities of using a graph versus an adjacency list to represent a social network.,Data Structures
Describe the steps necessary to implement a depth-first search algorithm using a stack data structure.,Data Structures
What is the purpose of the 'next' pointer in a singly linked list and how is it used to traverse the list.,Data Structures
Explain the concept of a disjoint-set data structure and how it can be used to efficiently manage a collection of sets.,Data Structures
Write a high-level overview of an algorithm to find the maximum element in a binary heap.,Data Structures
Describe the process of deleting a node from a doubly linked list and provide a high-level overview of the necessary steps.,Data Structures
How does the use of a suffix tree improve the efficiency of string matching algorithms.,Data Structures
Compare and contrast the time and space complexities of using a dictionary versus a list to store a collection of key-value pairs.,Data Structures
Explain the concept of a topological sort and how it can be used to order the vertices of a directed acyclic graph.,Data Structures
What are the implications of using a hash function with a high collision rate on the performance of a hash table.,Data Structures
Describe the steps necessary to implement a breadth-first search algorithm using a queue data structure.,Data Structures
Explain the concept of a segment tree and how it can be used to efficiently store and retrieve range-based data.,Data Structures
Write a high-level description of an algorithm to find the minimum element in a stack.,Data Structures
How does the use of a binary search tree improve the efficiency of range-based queries on a large dataset.,Data Structures
Describe the trade-offs between using a graph versus a tree to represent a hierarchical relationship between objects.,Data Structures
Explain the concept of a Bloom filter and how it can be used to efficiently test membership in a large set.,Data Structures
"What are the key differences between a stack and a queue, and how are they used in real-world applications to solve problems.",Data Structures
"Describe the concept of a hash table, including how collisions are handled, and explain the trade-offs between different collision resolution techniques.",Data Structures
"Explain the process of inserting a node into a binary search tree, including the steps necessary to maintain the tree's balance property.",Data Structures
"Compare and contrast the time and space complexity of arrays and linked lists for basic operations such as insertion, deletion, and search.",Data Structures
"How does a trie data structure enable efficient retrieval of strings with common prefixes, and what are its advantages over other string storage methods.",Data Structures
Discuss the advantages and disadvantages of using a min-heap versus a max-heap in a priority queue implementation.,Data Structures
"Design an algorithm to find the middle element of a doubly linked list, and analyze its time and space complexity.",Data Structures
"Explain the concept of a disjoint-set data structure, including the union-find operations and how it is used in algorithms such as Kruskal's minimum spanning tree.",Data Structures
"Describe the process of performing a depth-first search on a graph, including the use of recursion and a stack data structure.",Data Structures
Compare the time and space complexity of a hash table and a binary search tree for storing and retrieving key-value pairs.,Data Structures
"What is the purpose of the tail pointer in a singly linked list, and how does it improve the efficiency of certain operations.",Data Structures
"Explain the trade-offs between using a balanced binary search tree and an unbalanced binary search tree in terms of search, insertion, and deletion operations.",Data Structures
"Design an algorithm to merge two sorted linked lists into a single sorted linked list, and analyze its time and space complexity.",Data Structures
How does the radix sort algorithm utilize a trie data structure to efficiently sort large datasets of strings or integers.,Data Structures
"Describe the concept of a suffix tree, including its construction and how it enables efficient substring searching in a given text.",Data Structures
Discuss the advantages and disadvantages of using a recursive approach versus an iterative approach for traversing a tree data structure.,Data Structures
"Explain the concept of a Fibonacci heap, including its properties and how it is used in algorithms such as Dijkstra's shortest path.",Data Structures
Compare and contrast the time and space complexity of a queue implemented using a linked list versus a circular array.,Data Structures
"Design an algorithm to find the maximum element in a heap, and analyze its time and space complexity.",Data Structures
"What are the key differences between a graph and a tree, and how are they used in real-world applications to model relationships between objects.",Data Structures
"Explain the process of performing a topological sort on a directed acyclic graph, including the use of a stack data structure.",Data Structures
"Describe the concept of a bloom filter, including its construction and how it enables efficient membership testing in a set.",Data Structures
Discuss the trade-offs between using a dense hash table and a sparse hash table in terms of space complexity and collision resolution.,Data Structures
"How does the splay tree data structure self-adjust to minimize the number of rotations required for search, insertion, and deletion operations.",Data Structures
"Explain the concept of a segment tree, including its construction and how it enables efficient range queries and updates in an array.",Data Structures
What are the advantages of using a hash table over a binary search tree for storing and retrieving large amounts of data in a database system!,Data Structures
How does the time complexity of a stack operation change when it is implemented using a linked list versus an array!,Data Structures
Explain the difference between a min-heap and a max-heap in the context of priority queue data structures!,Data Structures
"Describe the process of inserting a new node into a balanced binary search tree, ensuring that the tree remains balanced after the insertion!",Data Structures
"What is the purpose of the 'next' pointer in a doubly linked list, and how does it differ from the 'next' pointer in a singly linked list!",Data Structures
Compare and contrast the trade-offs between using a queue and a stack to implement a job scheduling system in an operating system!,Data Structures
"Suppose we have a set of integers that we want to store in a data structure, and we want to be able to quickly find the median of the set, what data structure would be most suitable for this purpose!",Data Structures
"In the context of graph algorithms, what is the difference between an adjacency list and an adjacency matrix representation of a graph!",Data Structures
Explain the concept of a trie data structure and describe a scenario where it would be more efficient than a hash table for storing and retrieving data!,Data Structures
"Describe the steps involved in performing a depth-first search traversal of a graph, and explain how it differs from a breadth-first search traversal!",Data Structures
"What is the time complexity of searching for an element in a binary search tree, and how does it compare to the time complexity of searching for an element in a hash table!",Data Structures
How does the use of a heap data structure improve the efficiency of the heap sort algorithm compared to other sorting algorithms like quicksort and mergesort!,Data Structures
Explain the concept of a suffix tree data structure and describe its application in string matching and pattern searching algorithms!,Data Structures
"Suppose we have a large dataset of strings that we want to store in a data structure, and we want to be able to quickly find all strings that match a given prefix, what data structure would be most suitable for this purpose!",Data Structures
"Describe the process of deleting a node from a binary search tree, and explain how it affects the balance of the tree!",Data Structures
"In the context of database systems, what is the purpose of using an index data structure, and how does it improve the efficiency of query operations!",Data Structures
"Explain the difference between a directed graph and an undirected graph, and describe the implications of this difference on graph algorithms!",Data Structures
"What is the time complexity of inserting a new element into a priority queue implemented using a binary heap, and how does it compare to the time complexity of inserting a new element into a sorted array!",Data Structures
"Suppose we have a set of elements that we want to store in a data structure, and we want to be able to quickly find the kth smallest element in the set, what data structure would be most suitable for this purpose!",Data Structures
"Describe the steps involved in performing a topological sort on a directed acyclic graph, and explain how it differs from a depth-first search traversal!",Data Structures
Explain the concept of a disjoint-set data structure and describe its application in algorithms for finding connected components in a graph!,Data Structures
"In the context of file systems, what is the purpose of using a B-tree data structure, and how does it improve the efficiency of file retrieval and storage operations!",Data Structures
"What is the time complexity of searching for an element in a skip list, and how does it compare to the time complexity of searching for an element in a balanced binary search tree!",Data Structures
"Describe the process of merging two sorted arrays into a single sorted array, and explain how it can be used as a subroutine in the mergesort algorithm!",Data Structures
"Explain the difference between a stable sort and an unstable sort, and describe the implications of this difference on the output of sorting algorithms!",Data Structures
What are the primary advantages of using a hash table over a binary search tree for storing and retrieving large amounts of data.,Data Structures
"Explain the concept of a stack and its implementation using an array, including the push and pop operations.",Data Structures
"Describe the process of inserting a new node into a singly linked list, including the necessary steps to update the pointers.",Data Structures
Compare and contrast the time complexities of the depth-first search and breadth-first search algorithms for traversing a graph.,Data Structures
"How does the heap data structure support the implementation of priority queues, and what are the key operations involved.",Data Structures
"What are the trade-offs between using a balanced binary search tree and an unbalanced binary search tree in terms of search, insert, and delete operations.",Data Structures
Explain the concept of a trie and its application in storing and retrieving large collections of strings.,Data Structures
"Describe the process of implementing a queue using two stacks, including the enqueue and dequeue operations.",Data Structures
"What are the key differences between a min-heap and a max-heap, and how are they used in different applications.",Data Structures
Compare the time complexities of the merge sort and quick sort algorithms for sorting large datasets.,Data Structures
Explain the concept of a disjoint-set data structure and its application in solving the connected components problem in a graph.,Data Structures
"How does the splay tree data structure self-adjust to minimize the number of rotations required for search, insert, and delete operations.",Data Structures
"Describe the process of implementing a hash table with chaining, including the handling of collisions.",Data Structures
What are the advantages and disadvantages of using a doubly linked list over a singly linked list for storing and manipulating data.,Data Structures
Explain the concept of a suffix tree and its application in string matching and pattern searching.,Data Structures
Compare the space complexities of the iterative and recursive implementations of the depth-first search algorithm.,Data Structures
How does the Fibonacci heap data structure support the implementation of priority queues with decrease-key operations.,Data Structures
"Describe the process of implementing a binary search tree with AVL tree balancing, including the rotation operations.",Data Structures
"What are the key differences between a graph and a tree, and how are they used in different applications.",Data Structures
Explain the concept of a segment tree and its application in range queries and updates.,Data Structures
Compare the time complexities of the topological sort and DFS algorithms for traversing a directed acyclic graph.,Data Structures
How does the B-tree data structure support the implementation of disk-based indexing systems.,Data Structures
"Describe the process of implementing a heap using a binary search tree, including the heapify operation.",Data Structures
What are the trade-offs between using a static array and a dynamic array for storing and manipulating data.,Data Structures
"What is the time complexity of the recursive algorithm to find the nth Fibonacci number, and how can it be improved using dynamic programming?",Design and Analysis of Algorithms
"Describe the difference between a greedy algorithm and a dynamic programming approach, and provide an example of a problem that can be solved using both methods.",Design and Analysis of Algorithms
"Explain the concept of amortized analysis and how it is used to analyze the time complexity of algorithms, particularly in the context of data structures such as stacks and queues.",Design and Analysis of Algorithms
"Prove that the worst-case time complexity of the quicksort algorithm is O(n^2), and discuss how this can be mitigated using techniques such as randomization.",Design and Analysis of Algorithms
"Compare and contrast the top-down and bottom-up approaches to dynamic programming, and discuss the advantages and disadvantages of each.",Design and Analysis of Algorithms
"Given a graph with non-negative edge weights, describe an algorithm to find the minimum spanning tree using Kruskal's algorithm, and analyze its time complexity.",Design and Analysis of Algorithms
"Analyze the time and space complexity of the merge sort algorithm, and explain how it can be implemented recursively and iteratively.",Design and Analysis of Algorithms
"Describe the concept of a reduction in the context of NP-completeness, and provide an example of a reduction from the traveling salesman problem to the knapsack problem.",Design and Analysis of Algorithms
"Explain the concept of a heap and how it is used in the heap sort algorithm, and analyze the time and space complexity of this algorithm.",Design and Analysis of Algorithms
"Discuss the trade-offs between the time and space complexity of algorithms, and provide examples of scenarios where one is more important than the other.",Design and Analysis of Algorithms
"Given a set of points in the plane, describe an algorithm to find the convex hull using the Graham scan algorithm, and analyze its time complexity.",Design and Analysis of Algorithms
"Explain the concept of memoization and how it can be used to improve the efficiency of recursive algorithms, particularly in the context of dynamic programming.",Design and Analysis of Algorithms
"Analyze the time complexity of the binary search algorithm, and explain how it can be used to find an element in a sorted array.",Design and Analysis of Algorithms
"Describe an algorithm to find the longest common subsequence between two strings using dynamic programming, and analyze its time and space complexity.",Design and Analysis of Algorithms
"Prove that the traveling salesman problem is NP-complete, and discuss the implications of this result for the design of algorithms.",Design and Analysis of Algorithms
"Explain the concept of a hash table and how it can be used to implement a set or map data structure, and analyze the time and space complexity of these operations.",Design and Analysis of Algorithms
"Given a graph with negative edge weights, describe an algorithm to find the shortest path using the Bellman-Ford algorithm, and analyze its time complexity.",Design and Analysis of Algorithms
"Compare and contrast the Dijkstra's algorithm and the Bellman-Ford algorithm for finding the shortest path in a graph, and discuss the advantages and disadvantages of each.",Design and Analysis of Algorithms
"Describe an algorithm to find the maximum flow in a flow network using the Ford-Fulkerson method, and analyze its time complexity.",Design and Analysis of Algorithms
"Explain the concept of a recursive algorithm and how it can be used to solve problems, particularly in the context of tree or graph traversals.",Design and Analysis of Algorithms
"Analyze the time and space complexity of the radix sort algorithm, and explain how it can be used to sort large datasets.",Design and Analysis of Algorithms
"Given a set of intervals, describe an algorithm to find the maximum number of non-overlapping intervals using a greedy algorithm, and analyze its time complexity.",Design and Analysis of Algorithms
"Describe an algorithm to find the closest pair of points in a set of points in the plane using a divide-and-conquer approach, and analyze its time complexity.",Design and Analysis of Algorithms
"Explain the concept of a lower bound in the context of algorithm analysis, and provide an example of a problem for which a lower bound can be proven using a reduction.",Design and Analysis of Algorithms
"Describe the difference between a greedy algorithm and a dynamic programming approach, providing examples of problems that can be solved using each method.",Design and Analysis of Algorithms
"Explain the concept of amortized analysis and how it is used to analyze the time complexity of algorithms, including a discussion of the different types of amortized analysis.",Design and Analysis of Algorithms
"Given a graph with non-negative edge weights, describe an algorithm to find the minimum spanning tree using Kruskal's algorithm, including the data structures used and the time complexity of the algorithm.",Design and Analysis of Algorithms
Compare and contrast the time and space complexity of recursive and iterative implementations of the merge sort algorithm.,Design and Analysis of Algorithms
"Discuss the trade-offs between the different variants of the Dijkstra's algorithm, including the use of priority queues and the relaxation of edges.",Design and Analysis of Algorithms
"Describe an algorithm to find the closest pair of points in a set of points in n-dimensional space, including the time and space complexity of the algorithm.",Design and Analysis of Algorithms
"Explain the concept of NP-completeness, including a definition of the class NP and a discussion of the implications of NP-completeness for the design of algorithms.",Design and Analysis of Algorithms
"Given a string and a pattern, describe an algorithm to find all occurrences of the pattern in the string, including the use of a prefix function and the time complexity of the algorithm.",Design and Analysis of Algorithms
"Describe the Strassen's algorithm for matrix multiplication, including the recursive approach used and the time complexity of the algorithm.",Design and Analysis of Algorithms
"Discuss the limitations of the standard big-O notation for analyzing the time complexity of algorithms, including the use of other notations such as big-Ω and big-Θ.",Design and Analysis of Algorithms
"Explain the concept of a recurrence relation and how it is used to analyze the time complexity of recursive algorithms, including a discussion of the different methods for solving recurrence relations.",Design and Analysis of Algorithms
"Given a set of tasks with dependencies, describe an algorithm to schedule the tasks to minimize the maximum lateness, including the use of a priority queue and the time complexity of the algorithm.",Design and Analysis of Algorithms
"Compare and contrast the different approaches to solving the traveling salesman problem, including the use of brute force, dynamic programming, and approximation algorithms.",Design and Analysis of Algorithms
"Describe an algorithm to find the maximum flow in a flow network, including the use of the Ford-Fulkerson method and the Edmonds-Karp algorithm.",Design and Analysis of Algorithms
"Explain the concept of a heuristic algorithm and how it is used to solve optimization problems, including a discussion of the trade-offs between the quality of the solution and the running time of the algorithm.",Design and Analysis of Algorithms
"Given a graph with negative edge weights, describe an algorithm to find the shortest path from a source vertex to all other vertices, including the use of the Bellman-Ford algorithm.",Design and Analysis of Algorithms
"Discuss the use of caching and memoization in dynamic programming algorithms, including the trade-offs between the time and space complexity of the algorithm.",Design and Analysis of Algorithms
"Describe an algorithm to find the minimum cut in a flow network, including the use of the max-flow min-cut theorem and the Karger's algorithm.",Design and Analysis of Algorithms
"Explain the concept of a randomized algorithm and how it is used to solve problems, including a discussion of the trade-offs between the running time and the probability of error.",Design and Analysis of Algorithms
"Given a set of intervals, describe an algorithm to find the maximum number of non-overlapping intervals, including the use of a greedy algorithm and the time complexity of the algorithm.",Design and Analysis of Algorithms
"Compare and contrast the different approaches to solving the knapsack problem, including the use of dynamic programming, greedy algorithms, and approximation algorithms.",Design and Analysis of Algorithms
"Describe an algorithm to find the closest pair of points in a set of points in 2-dimensional space, including the use of a divide-and-conquer approach and the time complexity of the algorithm.",Design and Analysis of Algorithms
"Explain the concept of a lower bound for the time complexity of an algorithm, including a discussion of the different methods for proving lower bounds.",Design and Analysis of Algorithms
"Discuss the use of parallel processing in the design of algorithms, including the trade-offs between the speedup and the complexity of the algorithm.",Design and Analysis of Algorithms
"Given a string, describe an algorithm to find the longest repeated substring, including the use of a suffix tree and the time complexity of the algorithm.",Design and Analysis of Algorithms
"What is the time complexity of the merge sort algorithm, and how does it compare to the time complexity of quicksort in the average case.",Design and Analysis of Algorithms
"Describe the difference between a greedy algorithm and a dynamic programming algorithm, and provide an example of each.",Design and Analysis of Algorithms
Explain how to analyze the time complexity of a recursive algorithm using the master theorem.,Design and Analysis of Algorithms
"Given a graph with non-negative edge weights, describe an algorithm to find the shortest path from a source vertex to all other vertices.",Design and Analysis of Algorithms
Compare and contrast the top-down and bottom-up approaches to dynamic programming.,Design and Analysis of Algorithms
Prove that the traveling salesman problem is NP-complete.,Design and Analysis of Algorithms
Describe an efficient algorithm for finding the closest pair of points in a set of points in n-dimensional space.,Design and Analysis of Algorithms
"Explain the concept of amortized analysis, and provide an example of how it can be used to analyze the time complexity of a data structure.",Design and Analysis of Algorithms
"Given a set of integers, describe an algorithm to find the maximum subset sum that can be achieved using a dynamic programming approach.",Design and Analysis of Algorithms
Describe the Ford-Fulkerson method for finding the maximum flow in a flow network.,Design and Analysis of Algorithms
"Explain the difference between a depth-first search and a breadth-first search, and provide an example of when each would be used.",Design and Analysis of Algorithms
Prove that the decision version of the knapsack problem is NP-complete.,Design and Analysis of Algorithms
"Given a binary search tree, describe an algorithm to find the kth smallest element in the tree.",Design and Analysis of Algorithms
Describe an efficient algorithm for finding the minimum spanning tree of a graph.,Design and Analysis of Algorithms
"Explain the concept of a pseudopolynomial time algorithm, and provide an example of such an algorithm.",Design and Analysis of Algorithms
"Compare and contrast the time complexities of the insertion sort, merge sort, and quicksort algorithms.",Design and Analysis of Algorithms
Describe an algorithm to find the longest common subsequence between two strings.,Design and Analysis of Algorithms
"Given a set of intervals, describe an algorithm to find the maximum number of non-overlapping intervals that can be selected.",Design and Analysis of Algorithms
"Explain the concept of a reduction, and provide an example of how it can be used to prove that a problem is NP-complete.",Design and Analysis of Algorithms
Describe an efficient algorithm for finding the minimum cut in a flow network.,Design and Analysis of Algorithms
Prove that the bin packing problem is NP-complete.,Design and Analysis of Algorithms
"Given a graph, describe an algorithm to find the minimum vertex cover.",Design and Analysis of Algorithms
Describe an algorithm to find the maximum flow in a flow network using the Edmonds-Karp algorithm.,Design and Analysis of Algorithms
"Explain the concept of memoization, and provide an example of how it can be used to improve the efficiency of a recursive algorithm.",Design and Analysis of Algorithms
Describe an efficient algorithm for finding the longest increasing subsequence in a sequence of integers.,Design and Analysis of Algorithms
"What is the time complexity of the algorithm that uses a binary search to find an element in a sorted array of size n, and explain how it achieves this complexity.",Design and Analysis of Algorithms
"Describe the difference between a greedy algorithm and a dynamic programming algorithm, and provide an example of a problem that can be solved using both approaches.",Design and Analysis of Algorithms
"Given a graph with non-negative edge weights, describe an algorithm to find the minimum spanning tree, and analyze its time complexity.",Design and Analysis of Algorithms
"Explain the concept of amortized analysis, and describe how it can be used to analyze the time complexity of a sequence of operations on a data structure.",Design and Analysis of Algorithms
"Describe the Knapsack problem, and explain how dynamic programming can be used to solve it efficiently.",Design and Analysis of Algorithms
"Suppose we have a set of tasks with deadlines and profits, and we want to select a subset of tasks to maximize the total profit while meeting all deadlines, describe an algorithm to solve this problem.",Design and Analysis of Algorithms
"What is the purpose of the Master Theorem, and how is it used to solve recurrences in the analysis of algorithms.",Design and Analysis of Algorithms
"Given a set of points in the plane, describe an algorithm to find the closest pair of points, and analyze its time complexity.",Design and Analysis of Algorithms
"Explain the concept of a reduction, and describe how it can be used to prove that a problem is NP-complete.",Design and Analysis of Algorithms
"Describe the Longest Common Subsequence problem, and explain how dynamic programming can be used to solve it efficiently.",Design and Analysis of Algorithms
"Suppose we have a graph with negative edge weights, describe an algorithm to find the shortest path from a source vertex to all other vertices.",Design and Analysis of Algorithms
"Explain the difference between a topological sort and a depth-first search, and describe how they can be used to solve problems on directed acyclic graphs.",Design and Analysis of Algorithms
"Describe the algorithm for finding the maximum flow in a flow network, and analyze its time complexity.",Design and Analysis of Algorithms
"Given a set of integers, describe an algorithm to find the maximum subarray sum, and explain how it achieves a time complexity of O(n).",Design and Analysis of Algorithms
"What is the concept of memoization, and how is it used to improve the efficiency of recursive algorithms.",Design and Analysis of Algorithms
"Suppose we have a string and a pattern, describe an algorithm to find all occurrences of the pattern in the string, and analyze its time complexity.",Design and Analysis of Algorithms
"Explain the concept of a heap, and describe how it can be used to solve the priority queue problem.",Design and Analysis of Algorithms
"Describe the algorithm for finding the minimum cut in a graph, and analyze its time complexity.",Design and Analysis of Algorithms
"Given a set of objects with weights and values, describe an algorithm to select a subset of objects to maximize the total value while keeping the total weight below a given limit.",Design and Analysis of Algorithms
"Explain the concept of a suffix tree, and describe how it can be used to solve string matching problems.",Design and Analysis of Algorithms
"Suppose we have a graph with edge weights, describe an algorithm to find the minimum weight perfect matching, and analyze its time complexity.",Design and Analysis of Algorithms
"Describe the algorithm for solving the Traveling Salesman Problem using dynamic programming, and explain why it is not efficient for large inputs.",Design and Analysis of Algorithms
"Explain the concept of a treap, and describe how it can be used to solve the dictionary problem.",Design and Analysis of Algorithms
"Given a set of intervals, describe an algorithm to find the maximum number of non-overlapping intervals, and analyze its time complexity.",Design and Analysis of Algorithms
"Describe the algorithm for finding the closest pair of points in a set of points in high-dimensional space, and explain why it is more challenging than in two-dimensional space.",Design and Analysis of Algorithms
What are the primary differences between a relational database management system and a NoSQL database management system in terms of data modeling and querying capabilities.,Database Systems
Explain the concept of data normalization in database design and provide an example of how to normalize a relation to third normal form.,Database Systems
Describe the advantages and disadvantages of using a distributed database system compared to a centralized database system.,Database Systems
How does the ACID properties ensure the reliability and consistency of database transactions in a database management system.,Database Systems
What is the purpose of the catalog in a database management system and what type of information does it typically store.,Database Systems
"Compare and contrast the B-tree indexing method with the hash indexing method in terms of search, insert, and delete operations.",Database Systems
Explain the concept of deadlock in a database system and describe a scenario in which a deadlock might occur.,Database Systems
Describe the differences between a view and a materialized view in a database management system.,Database Systems
What is the purpose of the query optimizer in a database management system and how does it determine the most efficient query execution plan.,Database Systems
Explain the concept of data warehousing and how it differs from a traditional operational database system.,Database Systems
Describe the advantages and disadvantages of using a database management system that supports object-oriented data modeling.,Database Systems
How does the database recovery process ensure the consistency and integrity of the database after a system failure.,Database Systems
What is the difference between a primary key and a foreign key in a relational database management system.,Database Systems
Explain the concept of database fragmentation and describe a scenario in which it might occur.,Database Systems
Describe the purpose and function of the database buffer manager in a database management system.,Database Systems
"Compare and contrast the different types of database users, including database administrators, application developers, and end users.",Database Systems
What is the purpose of database security and describe the different types of threats that a database management system might face.,Database Systems
Explain the concept of data mining and how it can be used to extract useful knowledge and patterns from large databases.,Database Systems
Describe the advantages and disadvantages of using a cloud-based database management system compared to a traditional on-premise system.,Database Systems
How does the database management system handle concurrency control and what are the different types of concurrency control mechanisms.,Database Systems
Explain the concept of database tuning and describe the different techniques that can be used to improve database performance.,Database Systems
What is the difference between a star schema and a snowflake schema in a data warehousing system.,Database Systems
Describe the purpose and function of the database transaction manager in a database management system.,Database Systems
"Explain the concept of big data and how it challenges traditional database management systems in terms of data storage, processing, and analysis.",Database Systems
Describe the advantages and disadvantages of using a graph database management system compared to a traditional relational database management system.,Database Systems
What are the primary differences between a relational database management system and a NoSQL database management system in terms of data modeling and query capabilities?,Database Systems
Describe the concept of data normalization in relational databases and explain how it helps to minimize data redundancy and dependency.,Database Systems
"Explain the difference between a primary key and a foreign key in a relational database, and provide examples of how they are used to establish relationships between tables.",Database Systems
"Discuss the trade-offs between using a centralized database versus a distributed database in terms of scalability, performance, and data consistency.",Database Systems
"What is the purpose of the ACID properties in a database management system, and how do they ensure the reliability and consistency of database transactions?",Database Systems
Compare and contrast the B-tree indexing method with the hash indexing method in terms of their advantages and disadvantages.,Database Systems
Explain the concept of database denormalization and discuss the scenarios in which it is beneficial to denormalize a database.,Database Systems
"Describe the architecture of a database management system and explain the role of each component, including the database engine, query optimizer, and storage manager.",Database Systems
"Discuss the concept of data warehousing and business intelligence, and explain how they are used to support decision-making in organizations.",Database Systems
"What is the difference between a database schema and a database instance, and how are they related to each other?",Database Systems
Explain the concept of database concurrency control and discuss the different techniques used to manage concurrent access to a database.,Database Systems
"Describe the process of database tuning and optimization, and explain the factors that affect database performance.",Database Systems
"Discuss the concept of data governance and explain its importance in ensuring the quality, security, and compliance of organizational data.",Database Systems
"Explain the difference between a star schema and a snowflake schema in data warehousing, and discuss the advantages and disadvantages of each.",Database Systems
"What is the purpose of a database trigger, and how is it used to enforce data integrity and implement business rules?",Database Systems
"Compare and contrast the different types of database joins, including inner joins, outer joins, and cross joins.",Database Systems
Explain the concept of database fragmentation and discuss the techniques used to manage and mitigate its effects.,Database Systems
"Discuss the concept of big data and NoSQL databases, and explain how they are used to handle large volumes of unstructured and semi-structured data.",Database Systems
Describe the architecture of a cloud-based database management system and explain the benefits and challenges of deploying a database in the cloud.,Database Systems
"What is the difference between a database view and a database table, and how are views used to simplify complex queries and provide data abstraction?",Database Systems
Explain the concept of database security and discuss the different types of threats and vulnerabilities that databases are exposed to.,Database Systems
Discuss the concept of data mining and explain how it is used to discover patterns and relationships in large datasets.,Database Systems
"Explain the difference between a clustered index and a non-clustered index, and discuss the scenarios in which each type of index is beneficial.",Database Systems
"Describe the process of database backup and recovery, and explain the importance of having a comprehensive backup and recovery strategy in place.",Database Systems
Explain the concept of database scalability and discuss the techniques used to scale a database horizontally and vertically.,Database Systems
What are the primary differences between a relational database and a NoSQL database in terms of data modeling and schema design?,Database Systems
Describe the concept of data normalization in database systems and explain its importance in reducing data redundancy and improving data integrity.,Database Systems
"Explain the trade-offs between using a centralized versus a distributed database architecture in terms of performance, scalability, and fault tolerance.",Database Systems
"What is the purpose of the ACID properties in database systems, and how do they ensure the reliability and consistency of database transactions?",Database Systems
"Compare and contrast the different types of database joins, including inner joins, outer joins, and cross joins, and explain when to use each type.",Database Systems
Describe the process of database denormalization and explain the circumstances under which it is necessary to improve system performance.,Database Systems
Explain the concept of database concurrency control and describe the different techniques used to manage concurrent access to shared data.,Database Systems
"What are the advantages and disadvantages of using a database indexing mechanism, and how do indexes impact query performance and data retrieval?",Database Systems
"Describe the differences between a database view and a database table, and explain when to use each in a database design.",Database Systems
Explain the concept of database fragmentation and describe the techniques used to prevent or mitigate its effects on system performance.,Database Systems
"Compare and contrast the different database models, including relational, hierarchical, and network models, and explain the strengths and weaknesses of each.",Database Systems
"What is the purpose of a database trigger, and how are triggers used to enforce data integrity and implement business rules?",Database Systems
"Describe the process of database backup and recovery, and explain the importance of having a comprehensive backup and recovery strategy.",Database Systems
Explain the concept of data warehousing and describe the techniques used to design and implement a data warehouse for business intelligence and analytics.,Database Systems
"What are the benefits and challenges of using a cloud-based database service, and how do cloud databases differ from traditional on-premise databases?",Database Systems
"Describe the differences between a database cursor and a database pointer, and explain when to use each in a database application.",Database Systems
"Explain the concept of database locking mechanisms, including shared locks and exclusive locks, and describe how locks are used to manage concurrent access to shared data.",Database Systems
"Compare and contrast the different types of database queries, including simple queries, complex queries, and ad-hoc queries, and explain when to use each type.",Database Systems
"What is the purpose of a database log, and how are logs used to track database transactions and maintain data consistency?",Database Systems
"Describe the process of database tuning and optimization, and explain the techniques used to improve database performance and efficiency.",Database Systems
Explain the concept of database security and describe the different techniques used to protect databases from unauthorized access and data breaches.,Database Systems
"What are the advantages and disadvantages of using an object-relational database management system, and how do ORDBMS differ from traditional relational databases?",Database Systems
"Describe the differences between a database schema and a database instance, and explain when to use each in a database design.",Database Systems
"Explain the concept of big data and NoSQL databases, and describe the techniques used to design and implement a NoSQL database for large-scale data storage and analytics.",Database Systems
"Compare and contrast the different database replication strategies, including master-slave replication and peer-to-peer replication, and explain when to use each strategy.",Database Systems
What are the primary differences between a relational database and a NoSQL database in terms of data modeling and querying capabilities.,Database Systems
Describe the concept of data redundancy in a database and explain how it can be minimized using normalization techniques.,Database Systems
Explain the purpose of the COMMIT and ROLLBACK statements in a database transaction and provide examples of when each would be used.,Database Systems
Compare and contrast the benefits and drawbacks of using a centralized versus distributed database architecture.,Database Systems
"What is the role of a database index in improving query performance, and what are the different types of indexes that can be created.",Database Systems
Discuss the trade-offs between using a relational database management system and an object-oriented database management system.,Database Systems
How do database triggers and constraints differ in their functionality and application in enforcing data integrity.,Database Systems
Explain the process of database denormalization and its potential benefits and drawbacks in terms of data retrieval and storage.,Database Systems
"Describe the architecture of a database management system, including the components and their interactions.",Database Systems
"What are the advantages and disadvantages of using a database view, and how does it differ from a physical table.",Database Systems
Explain the concept of data warehousing and its relationship to business intelligence and decision support systems.,Database Systems
"Discuss the differences between a star schema and a snowflake schema in data warehousing, and the scenarios in which each is most suitable.",Database Systems
"What is the purpose of a database connection pool, and how does it contribute to improved system performance and scalability.",Database Systems
Describe the concept of database fragmentation and explain how it can be addressed through techniques such as partitioning and indexing.,Database Systems
"Explain the difference between a clustered index and a non-clustered index, and the scenarios in which each is most appropriate.",Database Systems
"Compare and contrast the functionality of SQL and NoSQL databases in terms of data modeling, querying, and scalability.",Database Systems
"What are the key considerations when designing a database for a big data analytics application, including data volume, velocity, and variety.",Database Systems
"Discuss the role of database security measures such as encryption, access control, and auditing in protecting sensitive data.",Database Systems
"Explain the concept of database replication, including the different types of replication and their applications in ensuring high availability.",Database Systems
"Describe the process of database tuning, including the identification of performance bottlenecks and the application of optimization techniques.",Database Systems
"What is the purpose of a database cursor, and how is it used in applications that require iterative data processing.",Database Systems
"Explain the differences between a database deadlock and a livelock, and the techniques used to prevent and resolve these phenomena.",Database Systems
"Discuss the advantages and disadvantages of using an in-memory database, including its potential impact on system performance and data durability.",Database Systems
"Explain the concept of data governance, including the policies, procedures, and standards used to manage data quality and integrity.",Database Systems
"Describe the architecture of a cloud-based database service, including the components and their interactions, and the benefits and challenges of using such a service.",Database Systems
"What are the primary functions of an operating system in terms of process management, and how do they interact with the hardware to provide a platform for running applications?",Operating Systems
"Describe the differences between a monolithic kernel and a microkernel, including their design philosophies, advantages, and use cases.",Operating Systems
"Explain the concept of virtual memory, including how it is implemented, its benefits, and the role of the operating system in managing virtual memory.",Operating Systems
"How do operating systems handle the problem of synchronization among concurrent processes, and what mechanisms are used to prevent race conditions?",Operating Systems
"Compare and contrast the First-Come-First-Served, Shortest Job First, and Priority Scheduling algorithms in terms of their performance, fairness, and applicability.",Operating Systems
"What is the purpose of a device driver in an operating system, and how does it interact with the kernel and hardware devices to provide input/output operations?",Operating Systems
"Describe the main components of a Unix-like operating system, including the shell, kernel, and system libraries, and explain how they interact to provide a functional system.",Operating Systems
"Explain the concept of a deadlock, including the necessary conditions for a deadlock to occur, and describe strategies for preventing or avoiding deadlocks in operating systems.",Operating Systems
"How do operating systems manage file systems, including file creation, deletion, and access control, and what are the implications for file system security and performance?",Operating Systems
"What are the trade-offs between a multi-programming system and a single-programming system in terms of resource utilization, responsiveness, and complexity?",Operating Systems
"Explain the concept of a semaphore, including its implementation and use in synchronizing access to shared resources in a multi-process environment.",Operating Systems
"Describe the differences between a real-time operating system and a general-purpose operating system, including their design goals, scheduling algorithms, and application domains.",Operating Systems
"How do operating systems provide support for networking, including socket programming, protocol implementation, and network interface management?",Operating Systems
"What is the role of the operating system in managing power consumption, including strategies for reducing power usage, and what are the implications for mobile and embedded systems?",Operating Systems
"Explain the concept of a thread, including its relationship to processes, and describe the benefits and challenges of using threads in operating system design.",Operating Systems
Compare and contrast the Exponential Backoff and Binary Exponential Backoff algorithms for resolving collisions in network protocols.,Operating Systems
"Describe the main components of a Windows-like operating system, including the kernel, device drivers, and system services, and explain how they interact to provide a functional system.",Operating Systems
"How do operating systems manage memory protection, including the use of virtual memory, paging, and segmentation, and what are the implications for security and performance?",Operating Systems
"Explain the concept of a context switch, including the overhead and benefits, and describe the role of the operating system in managing context switches.",Operating Systems
What are the advantages and disadvantages of using a hybrid scheduling algorithm that combines elements of different scheduling strategies?,Operating Systems
"Describe the differences between a 32-bit operating system and a 64-bit operating system, including their address spaces, data types, and compatibility issues.",Operating Systems
"Explain the concept of a pipe, including its implementation and use in inter-process communication, and describe the benefits and limitations of using pipes in operating system design.",Operating Systems
"How do operating systems provide support for security, including access control, authentication, and encryption, and what are the implications for system integrity and user privacy?",Operating Systems
"What is the role of the operating system in managing storage devices, including disk scheduling, file systems, and input/output operations, and what are the implications for performance and reliability?",Operating Systems
"Explain the concept of a system call, including its implementation and use in interacting with the operating system, and describe the benefits and challenges of using system calls in application programming.",Operating Systems
"What are the primary responsibilities of the process manager in an operating system, and how does it interact with other system components to manage processes and threads.",Operating Systems
"Describe the differences between a monolithic kernel and a microkernel, including their architectural design and trade-offs in terms of performance, security, and maintainability.",Operating Systems
"Explain the concept of virtual memory and how it is implemented in modern operating systems, including the role of page tables, paging, and segmentation.",Operating Systems
"Compare and contrast the First-Come-First-Served, Shortest Job First, and Priority Scheduling algorithms in terms of their performance, fairness, and responsiveness.",Operating Systems
"How do operating systems handle interrupts generated by hardware devices, and what is the role of the interrupt handler in managing interrupt requests.",Operating Systems
"Describe the concept of deadlocks and how they can occur in systems that use multiple resources, including the necessary conditions for deadlock formation and strategies for deadlock prevention and avoidance.",Operating Systems
"What is the purpose of the file allocation table in a file system, and how does it facilitate efficient storage and retrieval of files on disk.",Operating Systems
"Explain the concept of threading and how it is implemented in operating systems, including the differences between user-level threads and kernel-level threads.",Operating Systems
"Describe the mechanisms used by operating systems to protect memory from unauthorized access, including the role of memory protection bits, segmentation, and paging.",Operating Systems
"Compare and contrast the advantages and disadvantages of using a journaling file system versus a non-journaling file system in terms of data reliability, performance, and recovery.",Operating Systems
How do operating systems implement input/output scheduling and disk scheduling algorithms to optimize system performance and responsiveness.,Operating Systems
"Explain the concept of synchronization and how it is achieved in operating systems using primitives such as semaphores, monitors, and locks.",Operating Systems
"Describe the differences between a real-time operating system and a general-purpose operating system, including their design goals, scheduling algorithms, and application domains.",Operating Systems
"What is the role of the device manager in an operating system, and how does it interact with device drivers to manage hardware devices.",Operating Systems
"Explain the concept of caching and how it is used in operating systems to improve system performance, including the types of caches and cache replacement policies.",Operating Systems
"Describe the mechanisms used by operating systems to manage and allocate system resources, including the role of resource allocation algorithms and data structures.",Operating Systems
"Compare and contrast the different types of file systems, including local file systems, network file systems, and distributed file systems.",Operating Systems
"How do operating systems handle errors and exceptions generated by hardware or software failures, including the role of error handlers and exception handlers.",Operating Systems
Explain the concept of virtualization and how it is used in operating systems to provide a layer of abstraction between the physical hardware and the guest operating system.,Operating Systems
"Describe the security mechanisms used by operating systems to protect against unauthorized access and malicious attacks, including authentication, authorization, and encryption.",Operating Systems
"What is the purpose of the boot loader in an operating system, and how does it facilitate the loading of the operating system kernel and initialization of system services.",Operating Systems
"Explain the concept of concurrency and how it is achieved in operating systems using primitives such as processes, threads, and coroutines.",Operating Systems
"Describe the differences between a symmetric multiprocessor and an asymmetric multiprocessor, including their architectural design and implications for operating system design.",Operating Systems
How do operating systems implement power management and energy efficiency mechanisms to reduce power consumption and prolong battery life in mobile devices.,Operating Systems
Explain the concept of a system call and how it is used in operating systems to provide a interface between user-level applications and kernel-level services.,Operating Systems
What are the primary differences between a monolithic kernel and a microkernel in terms of their design and functionality in operating systems?,Operating Systems
How does the concept of virtual memory enable multiple programs to run simultaneously on a computer with limited physical memory?,Operating Systems
Describe the role of the Program Counter register in the context of process scheduling and execution in an operating system.,Operating Systems
Explain the differences between a semaphore and a monitor as synchronization primitives in operating systems.,Operating Systems
What is the purpose of the Device Controller in managing input/output operations between devices and the operating system?,Operating Systems
Compare and contrast the First-Come-First-Served and Round-Robin scheduling algorithms in terms of their performance and applicability.,Operating Systems
How does the operating system handle the allocation and deallocation of memory for running programs using dynamic memory allocation techniques?,Operating Systems
What are the trade-offs between using a centralized and decentralized approach to process synchronization in a distributed operating system?,Operating Systems
Explain the concept of a thread and its relationship to processes in the context of multithreaded programming and operating system support.,Operating Systems
Describe the function of the File Allocation Table in managing file storage and retrieval on a disk-based file system.,Operating Systems
"What are the key components and functions of the I/O subsystem in an operating system, including device drivers and interrupt handlers?",Operating Systems
How does the operating system provide support for handling page faults and replacing pages in a virtual memory system?,Operating Systems
What are the advantages and disadvantages of using a journaling file system compared to a non-journaling file system in terms of data consistency and recovery?,Operating Systems
Explain the concept of a deadlocked state in a system and describe how operating systems can prevent or recover from deadlocks using various techniques.,Operating Systems
Compare the performance characteristics of the Least Recently Used and First-In-First-Out page replacement algorithms in virtual memory management.,Operating Systems
"Describe the role of the operating system in providing security features such as access control, authentication, and encryption to protect system resources.",Operating Systems
"What is the purpose of the System Call interface in an operating system, and how does it enable user-level programs to interact with kernel-level services?",Operating Systems
"Explain the differences between a spinlock and a mutex as synchronization primitives in operating systems, including their usage scenarios and performance implications.",Operating Systems
"How does the operating system manage the boot process, including the loading of the kernel and initialization of system services?",Operating Systems
"What are the key challenges and considerations in designing and implementing a real-time operating system, including meeting timing constraints and ensuring predictability?",Operating Systems
"Describe the concept of a process and its associated data structures, including the Process Control Block, in the context of operating system process management.",Operating Systems
"Explain the concept of a file system and its components, including files, directories, and inodes, in the context of operating system file management.",Operating Systems
"How does the operating system provide support for multiple programming languages and environments, including runtime libraries and language-specific services?",Operating Systems
"What are the trade-offs between using a uniprocessor and multiprocessor architecture in terms of performance, scalability, and complexity in operating system design?",Operating Systems
"Explain the concept of a network file system and its benefits, including shared access to files and directories across a network of computers.",Operating Systems
What are the primary functions of an operating system in managing computer hardware and software resources to provide a platform for running applications and services?,Operating Systems
"Describe the differences between a monolithic kernel and a microkernel, including their architectures, advantages, and disadvantages in the context of operating system design.",Operating Systems
"Explain the concept of process synchronization, including the use of semaphores, monitors, and locks to coordinate access to shared resources in a multi-process environment.",Operating Systems
"How do operating systems implement virtual memory, including the use of page tables, paging algorithms, and disk swapping to optimize memory utilization and performance?",Operating Systems
"Compare and contrast the First-Come-First-Served, Shortest Job First, and Priority Scheduling algorithms used in operating systems to manage process scheduling and resource allocation.",Operating Systems
"What is the purpose of the Device Driver in an operating system, and how does it interact with hardware devices to provide a standardized interface for applications and services?",Operating Systems
"Describe the steps involved in the boot process of a computer, from power-on to the loading of the operating system kernel and the initialization of system services.",Operating Systems
"Explain the concept of deadlocks, including the necessary conditions for deadlock occurrence, and describe strategies for preventing or avoiding deadlocks in operating systems.",Operating Systems
"How do operating systems implement file systems, including the organization of files and directories, file access control, and disk space management?",Operating Systems
"Compare the performance characteristics of different disk scheduling algorithms, including First-Come-First-Served, Shortest Seek Time First, and Scan algorithms.",Operating Systems
"What is the role of the Shell in an operating system, and how does it provide a user interface for interacting with the operating system and executing commands and programs?",Operating Systems
"Explain the concept of threads, including the differences between user-level threads and kernel-level threads, and describe the benefits and challenges of using threads in operating systems.",Operating Systems
"Describe the mechanisms used by operating systems to provide security and access control, including user authentication, access control lists, and file permissions.",Operating Systems
"How do operating systems manage input/output operations, including the use of device drivers, buffers, and interrupt handlers to optimize I/O performance and efficiency?",Operating Systems
"Explain the differences between a real-time operating system and a general-purpose operating system, including their design goals, scheduling algorithms, and application domains.",Operating Systems
"What is the purpose of the System Call in an operating system, and how does it provide a standardized interface for applications to interact with the operating system and access system services?",Operating Systems
"Describe the architecture of a typical Web Server, including the use of operating system services, such as process management, file systems, and network protocols.",Operating Systems
"Explain the concept of caching, including the use of cache memories, buffer caches, and page caches to optimize system performance and reduce access latency.",Operating Systems
"Compare and contrast the Unix and Windows operating systems, including their design philosophies, system architectures, and user interfaces.",Operating Systems
"How do operating systems implement network protocols, including the use of socket interfaces, protocol stacks, and network device drivers to support communication between systems?",Operating Systems
"What is the role of the Scheduler in an operating system, and how does it manage process scheduling, resource allocation, and system performance optimization?",Operating Systems
"Explain the concept of virtualization, including the use of hypervisors, virtual machines, and containerization to provide a layer of abstraction between the operating system and applications.",Operating Systems
"Describe the mechanisms used by operating systems to provide fault tolerance and reliability, including error detection, error correction, and system restart and recovery.",Operating Systems
"Explain the differences between a 32-bit and a 64-bit operating system, including their address spaces, data types, and performance characteristics.",Operating Systems
"How do operating systems manage power consumption, including the use of power-saving modes, dynamic voltage and frequency scaling, and device power management to reduce energy consumption and heat dissipation.",Operating Systems
"What are the primary differences between a LAN and a WAN in terms of geographical scope, ownership, and network administration, and how do these differences impact network design and management.",Computer Networks
"Describe the role of the Network Access Layer in the OSI model, including its relationship to the Data Link Layer and the Physical Layer, and explain how it enables data transmission over a network.",Computer Networks
"Compare and contrast the circuit-switching and packet-switching approaches to network communication, including their advantages and disadvantages, and provide examples of scenarios where each approach is best suited.",Computer Networks
"Explain the concept of network congestion and describe the techniques used to prevent or alleviate congestion, including traffic shaping, policing, and queue management.",Computer Networks
"What is the purpose of the Address Resolution Protocol, and how does it enable communication between devices on a network by mapping IP addresses to MAC addresses.",Computer Networks
"Describe the differences between a hub, a switch, and a router, including their functions, advantages, and disadvantages, and explain how each device is used in a network.",Computer Networks
"Explain the concept of subnetting, including the benefits and drawbacks of subnetting, and describe how to calculate the subnet mask and the number of available host addresses for a given network.",Computer Networks
"What are the key features and benefits of the Transmission Control Protocol, including its use of acknowledgments, sequence numbers, and flow control, and how does it ensure reliable data transfer over a network.",Computer Networks
"Describe the operation of the Domain Name System, including the roles of root servers, top-level domain servers, and authoritative name servers, and explain how DNS resolves hostnames to IP addresses.",Computer Networks
"Compare and contrast the IPv4 and IPv6 protocols, including their address formats, header structures, and support for mobility and security, and discuss the motivations for migrating from IPv4 to IPv6.",Computer Networks
"Explain the concept of network security threats, including malware, denial-of-service attacks, and man-in-the-middle attacks, and describe the measures that can be taken to prevent or mitigate these threats.",Computer Networks
"Describe the operation of the HyperText Transfer Protocol, including the request and response messages, headers, and status codes, and explain how HTTP enables communication between web servers and clients.",Computer Networks
"What is the purpose of the Simple Network Management Protocol, and how does it enable network administrators to monitor and manage network devices, including routers, switches, and servers.",Computer Networks
"Explain the concept of quality of service, including the parameters that affect network performance, such as throughput, delay, and jitter, and describe the techniques used to ensure QoS, including traffic shaping and policing.",Computer Networks
"Describe the differences between a stateful firewall and a stateless firewall, including their advantages and disadvantages, and explain how each type of firewall is used to control network traffic.",Computer Networks
"Explain the concept of virtual private networks, including the benefits and drawbacks of VPNs, and describe how VPNs use encryption and tunneling to provide secure remote access to a network.",Computer Networks
"What are the key features and benefits of the User Datagram Protocol, including its use of best-effort delivery and lack of flow control, and how does UDP support real-time applications, such as video streaming and online gaming.",Computer Networks
"Describe the operation of the Internet Control Message Protocol, including the types of messages that are used to report errors and provide diagnostic information, and explain how ICMP enables network troubleshooting and debugging.",Computer Networks
"Explain the concept of network topology, including the different types of topologies, such as bus, star, and mesh, and describe how topology affects network performance, reliability, and scalability.",Computer Networks
"Compare and contrast the Ethernet and Wi-Fi technologies, including their transmission media, data rates, and network architectures, and discuss the advantages and disadvantages of each technology.",Computer Networks
"What is the purpose of the Dynamic Host Configuration Protocol, and how does it enable dynamic allocation of IP addresses and other network configuration parameters to devices on a network.",Computer Networks
"Describe the operation of the Transport Layer Security protocol, including the handshake process, symmetric encryption, and digital certificates, and explain how TLS provides secure communication over a network.",Computer Networks
"Explain the concept of access control lists, including the rules and filters that are used to control network traffic, and describe how ACLs are used to implement security policies and prevent unauthorized access to a network.",Computer Networks
"Describe the differences between a bridge and a router, including their functions, advantages, and disadvantages, and explain how each device is used to connect multiple networks together.",Computer Networks
"Explain the concept of network routing, including the types of routing protocols, such as distance-vector and link-state, and describe how routing protocols enable routers to build and maintain routing tables.",Computer Networks
What are the primary differences between a LAN and a WAN in terms of geographical scope and data transmission speeds.,Computer Networks
Describe the role of the Network Access Layer in the TCP/IP protocol suite and explain how it interfaces with the Internet Layer.,Computer Networks
Compare and contrast the circuit-switching and packet-switching approaches to data transmission in computer networks.,Computer Networks
Explain the concept of congestion control in computer networks and describe the mechanisms used to prevent network congestion.,Computer Networks
"What is the purpose of the Address Resolution Protocol (ARP) in a TCP/IP network, and how does it resolve IP addresses to MAC addresses.",Computer Networks
Discuss the advantages and disadvantages of using a connection-oriented protocol versus a connectionless protocol in a computer network.,Computer Networks
How does the Internet Control Message Protocol (ICMP) contribute to the management and maintenance of a TCP/IP network.,Computer Networks
Describe the operation of the Spanning Tree Protocol (STP) in a switched LAN and explain its role in preventing network loops.,Computer Networks
"What are the key differences between a hub and a switch in a LAN, and how do they affect network performance.",Computer Networks
Explain the concept of Quality of Service (QoS) in computer networks and describe the mechanisms used to ensure guaranteed throughput and latency.,Computer Networks
"Compare and contrast the IPv4 and IPv6 protocols, including their address formats, header structures, and support for mobility and security.",Computer Networks
Describe the role of the Transport Layer in the OSI model and explain how it provides reliable data transfer between devices.,Computer Networks
How does the Dynamic Host Configuration Protocol (DHCP) enable dynamic IP address allocation in a TCP/IP network.,Computer Networks
"What is the purpose of the Domain Name System (DNS) in a TCP/IP network, and how does it resolve domain names to IP addresses.",Computer Networks
Explain the concept of subnetting in a TCP/IP network and describe how it allows for more efficient use of IP addresses.,Computer Networks
"Discuss the advantages and disadvantages of using a wireless LAN (WLAN) versus a wired LAN, including considerations of security, reliability, and performance.",Computer Networks
Describe the operation of the Border Gateway Protocol (BGP) in an autonomous system and explain its role in interdomain routing.,Computer Networks
"How does the Transmission Control Protocol (TCP) ensure reliable data transfer in a computer network, including its use of acknowledgments and retransmissions.",Computer Networks
"What are the key differences between a router and a gateway in a computer network, and how do they affect network connectivity and performance.",Computer Networks
"Explain the concept of network security threats, including types of attacks such as spoofing, sniffing, and denial-of-service (DoS) attacks.",Computer Networks
Describe the role of the Session Layer in the OSI model and explain how it provides dialogue management and token management between applications.,Computer Networks
"Compare and contrast the Hypertext Transfer Protocol (HTTP) and the File Transfer Protocol (FTP), including their uses, advantages, and disadvantages.",Computer Networks
"How does the Internet Group Management Protocol (IGMP) enable multicast routing in a TCP/IP network, and what are its advantages and limitations.",Computer Networks
Explain the concept of virtual private networks (VPNs) and describe the technologies used to establish secure and encrypted tunnels over the internet.,Computer Networks
Describe the operation of the Open Shortest Path First (OSPF) protocol in an autonomous system and explain its role in intra-domain routing.,Computer Networks
What are the primary differences between a LAN and a WAN in terms of geographical coverage and data transfer rates.,Computer Networks
Describe the role of the Network Access Layer in the TCP/IP protocol suite and explain how it enables communication between devices on the same network.,Computer Networks
Explain the concept of packet switching and how it is used in modern computer networks to efficiently transmit data between devices.,Computer Networks
Compare and contrast the features and applications of TCP and UDP protocols in computer networks.,Computer Networks
What are the advantages and disadvantages of using a hub versus a switch in a local area network.,Computer Networks
Explain the concept of subnetting and how it is used to improve the efficiency and scalability of IP networks.,Computer Networks
Describe the process of DNS resolution and explain how it enables users to access websites using easy-to-remember domain names instead of IP addresses.,Computer Networks
What are the primary components of the OSI reference model and how do they interact to enable communication between devices on a network.,Computer Networks
Explain the concept of congestion control in computer networks and describe the mechanisms used to prevent network congestion.,Computer Networks
Compare and contrast the features and applications of IPv4 and IPv6 protocols in computer networks.,Computer Networks
Describe the role of the Transport Layer in the OSI reference model and explain how it ensures reliable data transfer between devices.,Computer Networks
What are the advantages and disadvantages of using a wireless network versus a wired network in terms of security and performance.,Computer Networks
Explain the concept of network topology and describe the different types of network topologies used in local area networks.,Computer Networks
Describe the process of DHCP allocation and explain how it enables devices to automatically obtain IP addresses on a network.,Computer Networks
What are the primary differences between a router and a gateway in terms of their functions and applications in computer networks.,Computer Networks
Explain the concept of quality of service in computer networks and describe the mechanisms used to ensure reliable and efficient data transfer.,Computer Networks
Compare and contrast the features and applications of HTTP and FTP protocols in computer networks.,Computer Networks
Describe the role of the Presentation Layer in the OSI reference model and explain how it enables data formatting and encryption.,Computer Networks
What are the advantages and disadvantages of using a client-server architecture versus a peer-to-peer architecture in computer networks.,Computer Networks
Explain the concept of network security threats and describe the measures used to prevent and mitigate common network attacks.,Computer Networks
Describe the process of SSL/TLS handshake and explain how it enables secure communication between a web browser and a web server.,Computer Networks
What are the primary differences between a WAN and a MAN in terms of geographical coverage and data transfer rates.,Computer Networks
Explain the concept of routing protocols and describe the mechanisms used to determine the best path for data transmission between networks.,Computer Networks
Compare and contrast the features and applications of Wi-Fi and Ethernet networks in terms of security and performance.,Computer Networks
Describe the role of the Session Layer in the OSI reference model and explain how it enables dialogue between applications running on different devices.,Computer Networks
What are the primary differences between a LAN and a WAN in terms of their geographical scope and the type of connectivity they provide.,Computer Networks
Describe the role of the Network Access Layer in the TCP/IP protocol suite and how it enables communication between devices on the same network.,Computer Networks
Explain the concept of packet switching and how it is used in modern computer networks to efficiently transmit data between devices.,Computer Networks
"Compare and contrast the circuit-switching and packet-switching approaches to network communication, including their advantages and disadvantages.",Computer Networks
"What is the purpose of the Address Resolution Protocol (ARP) in a TCP/IP network, and how does it resolve IP addresses to MAC addresses.",Computer Networks
"Discuss the differences between a hub and a switch in a computer network, including their impact on network performance and security.",Computer Networks
"Explain the concept of subnetting and how it is used to divide a large network into smaller, more manageable sub-networks.",Computer Networks
"Describe the role of the Transport Layer in the OSI model, including its responsibility for ensuring reliable data transfer between devices.",Computer Networks
"What is the difference between a router and a gateway in a computer network, and how do they facilitate communication between different networks.",Computer Networks
Explain the concept of Quality of Service (QoS) in computer networks and how it is used to prioritize certain types of network traffic.,Computer Networks
"Compare and contrast the IPv4 and IPv6 protocols, including their differences in address space, header format, and security features.",Computer Networks
"Describe the process of DNS resolution, including how a client resolves a domain name to an IP address using a DNS server.",Computer Networks
"What is the purpose of the Internet Control Message Protocol (ICMP) in a TCP/IP network, and how is it used for error-reporting and diagnostic functions.",Computer Networks
Explain the concept of a Virtual Private Network (VPN) and how it is used to securely extend a private network over the internet.,Computer Networks
"Discuss the differences between a client-server architecture and a peer-to-peer architecture in a computer network, including their advantages and disadvantages.",Computer Networks
"Describe the role of the Session Layer in the OSI model, including its responsibility for establishing, maintaining, and terminating connections between applications.",Computer Networks
"What is the purpose of the Secure Sockets Layer (SSL) protocol in a computer network, and how does it provide secure communication between a client and a server.",Computer Networks
Explain the concept of network congestion and how it can be managed using techniques such as flow control and congestion avoidance.,Computer Networks
"Compare and contrast the TCP and UDP transport protocols, including their differences in reliability, flow control, and error detection.",Computer Networks
Describe the process of network address translation (NAT) and how it is used to allow multiple devices on a private network to share a single public IP address.,Computer Networks
"What is the difference between a unicast, multicast, and broadcast transmission in a computer network, and how are they used to transmit data to different types of destinations.",Computer Networks
Explain the concept of a network topology and how it describes the physical and logical arrangement of devices in a computer network.,Computer Networks
Discuss the security risks associated with wireless networks and how they can be mitigated using techniques such as encryption and authentication.,Computer Networks
"Describe the role of the Presentation Layer in the OSI model, including its responsibility for data formatting and encryption.",Computer Networks
Explain the concept of a Wide Area Network (WAN) and how it is used to connect multiple LANs over a large geographical area using telecommunications links.,Computer Networks
"What is the primary goal of the requirements gathering phase in software engineering, and how does it impact the overall success of a software development project.",Software Engineering
"Describe the differences between a monolithic architecture and a microservices architecture, and provide examples of when each might be more suitable for a particular software system.",Software Engineering
"Explain the concept of separation of concerns in software design, and discuss how it can be applied to improve the maintainability and scalability of a software system.",Software Engineering
"Compare and contrast the Waterfall and Agile software development methodologies, including their strengths and weaknesses, and discuss the types of projects for which each is best suited.",Software Engineering
"Discuss the role of testing in software engineering, including the different types of testing, such as unit testing, integration testing, and system testing, and explain how testing can be used to ensure the quality of a software system.",Software Engineering
"What is the purpose of a software development lifecycle model, and how does it help guide the development of a software system from conception to delivery.",Software Engineering
"Explain the concept of refactoring in software engineering, and discuss how it can be used to improve the design and structure of a software system without changing its external behavior.",Software Engineering
"Describe the benefits and challenges of using an open-source software component in a commercial software system, and discuss the legal and technical considerations that must be taken into account.",Software Engineering
"Discuss the importance of documentation in software engineering, including the different types of documentation, such as user manuals, technical guides, and design documents, and explain how documentation can be used to support the development and maintenance of a software system.",Software Engineering
"Compare and contrast the different types of software maintenance, including corrective, adaptive, and perfective maintenance, and discuss the challenges and opportunities associated with each.",Software Engineering
"Explain the concept of a software architecture pattern, and discuss how patterns such as Model-View-Controller and Publish-Subscribe can be used to design and implement a software system.",Software Engineering
"Discuss the role of a software engineer in a DevOps environment, and explain how DevOps practices such as continuous integration and continuous deployment can be used to improve the speed and quality of software development.",Software Engineering
"Describe the challenges of developing software for a distributed system, and discuss the technologies and techniques that can be used to support communication and coordination between components.",Software Engineering
"Explain the concept of a software quality attribute, and discuss how attributes such as performance, security, and usability can be designed into a software system.",Software Engineering
"Discuss the benefits and challenges of using a cloud-based platform for software development, and explain how cloud computing can be used to support scalability, reliability, and cost-effectiveness.",Software Engineering
"Compare and contrast the different types of software design patterns, including creational, structural, and behavioral patterns, and discuss how patterns can be used to solve common design problems.",Software Engineering
"Explain the concept of a software development framework, and discuss how frameworks such as Scrum and Extreme Programming can be used to guide the development of a software system.",Software Engineering
"Describe the importance of human-computer interaction in software engineering, and discuss the principles and techniques that can be used to design user interfaces that are intuitive, efficient, and effective.",Software Engineering
"Discuss the role of a software project manager in overseeing the development of a software system, and explain how project management techniques such as planning, scheduling, and risk management can be used to ensure the successful completion of a project.",Software Engineering
"Explain the concept of technical debt in software engineering, and discuss how technical debt can be managed and reduced over time to improve the quality and maintainability of a software system.",Software Engineering
"Describe the challenges of developing software for a real-time system, and discuss the technologies and techniques that can be used to support predictability, reliability, and performance.",Software Engineering
"Compare and contrast the different types of software testing techniques, including black-box, white-box, and gray-box testing, and discuss how each can be used to identify defects and improve the quality of a software system.",Software Engineering
"Explain the concept of a software engineering methodology, and discuss how methodologies such as Object-Oriented Analysis and Design and Structured Analysis and Design can be used to guide the development of a software system.",Software Engineering
"Discuss the importance of configuration management in software engineering, and explain how techniques such as version control and change management can be used to support the development and maintenance of a software system.",Software Engineering
"Describe the benefits and challenges of using a formal specification language in software engineering, and discuss how languages such as Z and B can be used to specify and verify the behavior of a software system.",Software Engineering
"What are the key differences between the waterfall and agile software development methodologies, and how do they impact the overall project management process in software engineering.",Software Engineering
"Describe the concept of separation of concerns in software design, and explain how it can be applied to improve the maintainability and scalability of a complex software system.",Software Engineering
"Explain the role of a software architect in a large-scale software development project, including their responsibilities and the skills required to perform the job effectively.",Software Engineering
"Compare and contrast the black box, white box, and gray box testing techniques, and discuss the advantages and disadvantages of each approach in software testing.",Software Engineering
"What is the purpose of a software requirements specification document, and what information should it typically include to ensure that the software meets the needs of its stakeholders.",Software Engineering
"Discuss the benefits and challenges of using an iterative and incremental software development approach, and explain how it can be used to improve the quality and responsiveness of a software development team.",Software Engineering
"Explain the concept of coupling and cohesion in software design, and discuss how they can be used to evaluate the quality and maintainability of a software system.",Software Engineering
"Describe the process of conducting a software risk assessment, and explain how it can be used to identify and mitigate potential risks in a software development project.",Software Engineering
"What is the difference between a software framework and a software library, and explain how they can be used to improve the efficiency and effectiveness of a software development team.",Software Engineering
"Explain the role of continuous integration and continuous deployment in a software development project, and discuss the benefits and challenges of implementing these practices.",Software Engineering
"Discuss the importance of software configuration management in a large-scale software development project, and explain how it can be used to ensure the consistency and reliability of a software system.",Software Engineering
"Compare and contrast the test-driven development and behavior-driven development approaches to software development, and discuss the advantages and disadvantages of each approach.",Software Engineering
"Explain the concept of a software development life cycle, and discuss the different phases and activities that are typically involved in a software development project.",Software Engineering
"What is the purpose of a software design pattern, and explain how it can be used to improve the quality and maintainability of a software system.",Software Engineering
"Describe the process of conducting a software peer review, and explain how it can be used to improve the quality and reliability of a software system.",Software Engineering
"Explain the role of a software project manager in a large-scale software development project, including their responsibilities and the skills required to perform the job effectively.",Software Engineering
"Discuss the benefits and challenges of using a microservices architecture in a software development project, and explain how it can be used to improve the scalability and flexibility of a software system.",Software Engineering
"What is the difference between a software prototype and a software proof of concept, and explain how they can be used to validate the feasibility and effectiveness of a software development project.",Software Engineering
"Explain the concept of software refactoring, and discuss how it can be used to improve the quality and maintainability of a software system.",Software Engineering
"Describe the process of conducting a software security audit, and explain how it can be used to identify and mitigate potential security risks in a software system.",Software Engineering
"Compare and contrast the different types of software maintenance, including corrective, perfective, and adaptive maintenance, and discuss the importance of each type in a software development project.",Software Engineering
"Explain the role of a software quality assurance engineer in a large-scale software development project, including their responsibilities and the skills required to perform the job effectively.",Software Engineering
"Discuss the benefits and challenges of using an agile software development methodology in a large-scale software development project, and explain how it can be used to improve the quality and responsiveness of a software development team.",Software Engineering
"What is the purpose of a software development methodology, and explain how it can be used to improve the efficiency and effectiveness of a software development team.",Software Engineering
"Explain the concept of technical debt in software development, and discuss how it can be used to evaluate the quality and maintainability of a software system.",Software Engineering
"What are the key differences between the waterfall model and the agile model of software development, and how do they impact the overall software engineering process.",Software Engineering
"Describe the concept of separation of concerns in software design, and explain how it can be applied to improve the maintainability and scalability of a software system.",Software Engineering
"Explain the role of requirements gathering in software engineering, and discuss the different techniques that can be used to gather requirements from stakeholders.",Software Engineering
"Compare and contrast the different types of software testing, including unit testing, integration testing, and system testing, and explain the importance of each type in ensuring software quality.",Software Engineering
"Discuss the concept of technical debt in software engineering, and explain how it can be managed and refactored to improve the overall quality and maintainability of a software system.",Software Engineering
"What are the key principles of object-oriented design, and how can they be applied to design robust and maintainable software systems.",Software Engineering
"Explain the concept of coupling and cohesion in software design, and discuss how they can be used to evaluate the quality of a software system.",Software Engineering
"Describe the different phases of the software development life cycle, and explain the activities and deliverables associated with each phase.",Software Engineering
"Discuss the role of configuration management in software engineering, and explain how it can be used to manage changes to software systems over time.",Software Engineering
"Explain the concept of refactoring in software engineering, and discuss the different techniques that can be used to refactor software systems to improve their quality and maintainability.",Software Engineering
"Compare and contrast the different software development methodologies, including waterfall, agile, and hybrid approaches, and explain the strengths and weaknesses of each.",Software Engineering
"Discuss the importance of software reliability and fault tolerance, and explain the different techniques that can be used to design and implement reliable software systems.",Software Engineering
"Explain the concept of software reuse, and discuss the different approaches that can be used to reuse software components and systems.",Software Engineering
"Describe the different types of software maintenance, including corrective, adaptive, and perfective maintenance, and explain the activities and challenges associated with each type.",Software Engineering
"Discuss the role of software metrics in software engineering, and explain how they can be used to measure and evaluate the quality of software systems.",Software Engineering
"Explain the concept of software architecture, and discuss the different styles and patterns that can be used to design robust and scalable software systems.",Software Engineering
"Compare and contrast the different types of software design patterns, including creational, structural, and behavioral patterns, and explain the benefits and trade-offs of each.",Software Engineering
"Discuss the importance of user experience in software engineering, and explain the different techniques that can be used to design and evaluate user-centered software systems.",Software Engineering
"Explain the concept of DevOps in software engineering, and discuss the different practices and tools that can be used to improve collaboration and automation in software development and deployment.",Software Engineering
"Describe the different types of software testing frameworks, including unit testing frameworks and integration testing frameworks, and explain the benefits and trade-offs of each.",Software Engineering
"Discuss the role of continuous integration and continuous deployment in software engineering, and explain how they can be used to improve the speed and quality of software development and deployment.",Software Engineering
"Explain the concept of microservices architecture, and discuss the benefits and challenges of using microservices to design and implement scalable software systems.",Software Engineering
"Compare and contrast the different types of software modeling languages, including UML and DSLs, and explain the benefits and trade-offs of each.",Software Engineering
"Discuss the importance of security in software engineering, and explain the different techniques that can be used to design and implement secure software systems.",Software Engineering
"Explain the concept of cloud computing in software engineering, and discuss the different service models and deployment models that can be used to deploy software systems in the cloud.",Software Engineering
"What are the key differences between the waterfall and agile software development methodologies, and how do they impact the overall software engineering process.",Software Engineering
"Describe the concept of separation of concerns in software design, and explain how it can be applied to improve the maintainability and scalability of a software system.",Software Engineering
"Explain the role of a software requirements specification document in the software development process, and discuss the essential elements that it should contain.",Software Engineering
"Compare and contrast the black box, white box, and gray box testing techniques, and discuss the advantages and disadvantages of each approach.",Software Engineering
"Discuss the importance of continuous integration and continuous deployment in modern software engineering, and explain how they can be implemented in a DevOps environment.",Software Engineering
"What is the purpose of a software design pattern, and provide an example of how the singleton pattern can be used to improve the design of a software system.",Software Engineering
"Explain the concept of technical debt in software engineering, and discuss strategies for managing and reducing technical debt in a software project.",Software Engineering
"Describe the activities involved in the verification and validation phases of the software development life cycle, and explain the importance of these phases in ensuring software quality.",Software Engineering
"Discuss the benefits and challenges of using an open-source software development approach, and explain how it can be applied in a commercial software engineering context.",Software Engineering
"Explain the concept of a microservices architecture, and discuss the advantages and disadvantages of using this approach in software design.",Software Engineering
"Compare and contrast the different types of software maintenance, including corrective, adaptive, and perfective maintenance, and discuss the importance of each type.",Software Engineering
"What is the purpose of a software project management plan, and explain how it can be used to guide the software development process.",Software Engineering
"Describe the role of a software architect in the software development process, and discuss the key skills and responsibilities required for this position.",Software Engineering
"Explain the concept of a Minimum Viable Product (MVP) in software development, and discuss the benefits and challenges of using this approach.",Software Engineering
"Discuss the importance of security in software engineering, and explain how security can be integrated into the software development life cycle.",Software Engineering
"What is the difference between a software framework and a software library, and explain how each can be used to support software development.",Software Engineering
"Explain the concept of refactoring in software engineering, and discuss the benefits and challenges of refactoring a large and complex software system.",Software Engineering
"Describe the activities involved in the software release management process, and explain the importance of this process in ensuring software quality and reliability.",Software Engineering
"Discuss the benefits and challenges of using a cloud-based infrastructure for software development and deployment, and explain how it can be applied in a commercial software engineering context.",Software Engineering
"Explain the concept of a DevOps culture, and discuss how it can be applied to improve the collaboration and communication between development and operations teams.",Software Engineering
"What is the purpose of a software testing framework, and explain how it can be used to support the software testing process.",Software Engineering
"Describe the role of a software engineer in the software development process, and discuss the key skills and responsibilities required for this position.",Software Engineering
"Explain the concept of a software development life cycle model, and discuss the different types of models that can be used to guide the software development process.",Software Engineering
"Discuss the importance of configuration management in software engineering, and explain how it can be used to support the software development and maintenance processes.",Software Engineering
"Explain the concept of a formal specification in software engineering, and discuss the benefits and challenges of using formal methods in software development.",Software Engineering
"What are the key differences between a web server and a web application server in a web development context, and how do they interact with each other to serve dynamic web content.",Web Development
"Explain the concept of a Single Page Application and how it differs from a traditional multi-page website in terms of user experience, page loading, and JavaScript usage.",Web Development
"Describe the role of HTML5 semantic elements in structuring and organizing web page content for better accessibility, search engine optimization, and improved user experience.",Web Development
"How does the JavaScript event loop work, and what are the implications of its single-threaded nature for web application performance and responsiveness.",Web Development
"Compare and contrast the use of CSS preprocessors like Sass and Less with native CSS, including their benefits, drawbacks, and use cases in modern web development.",Web Development
"What is the purpose of a Content Security Policy in web development, and how can it be used to mitigate cross-site scripting and other security threats.",Web Development
"Explain the concept of responsive web design and how media queries, flexible grids, and images can be used to create mobile-friendly and adaptive web interfaces.",Web Development
"Describe the differences between the HTTP and HTTPS protocols, including their security implications, certificate requirements, and impact on web application performance.",Web Development
"How do web sockets enable bidirectional, real-time communication between web clients and servers, and what are some common use cases for this technology.",Web Development
Explain the concept of a RESTful API and how it is used to design and implement web services that provide a programmable interface to web applications and data.,Web Development
What are the advantages and disadvantages of using a front-end framework like React or Angular compared to building a web application from scratch using vanilla JavaScript and HTML.,Web Development
"Describe the role of a package manager like npm or yarn in web development, including their benefits, commands, and best practices for dependency management.",Web Development
"Explain how the browser's same-origin policy restricts web page access to resources and data from other domains, and how techniques like CORS and JSONP can be used to bypass these restrictions.",Web Development
"Compare and contrast the use of relational databases like MySQL with NoSQL databases like MongoDB in web application development, including their data models, schema designs, and query languages.",Web Development
"How does the browser's rendering engine work, and what are the key steps involved in parsing HTML, applying CSS styles, and rendering web page content.",Web Development
"Explain the concept of a microfrontend architecture and how it can be used to build scalable, modular, and maintainable web applications using multiple frontend frameworks and libraries.",Web Development
"Describe the differences between a monolithic web application and a microservices-based architecture, including their benefits, drawbacks, and implications for scalability, maintainability, and deployment.",Web Development
"What are the key considerations and best practices for optimizing web application performance, including page load times, server response times, and browser rendering times.",Web Development
"Explain how web storage APIs like localStorage and sessionStorage can be used to store and retrieve data on the client-side, and what are the security implications of using these APIs.",Web Development
"Describe the role of accessibility guidelines like the Web Content Accessibility Guidelines in ensuring that web applications are usable by people with disabilities, and what are some common accessibility issues and solutions.",Web Development
"Compare and contrast the use of client-side templating engines like Handlebars with server-side templating engines like Jinja2, including their benefits, drawbacks, and use cases.",Web Development
"Explain how the browser's cache works, and what are the different types of cache, including browser cache, server cache, and proxy cache, and how they can be controlled using HTTP headers.",Web Development
"Describe the concept of a Progressive Web App and how it combines the benefits of native mobile apps with the reach and accessibility of web applications, including its key features and implementation requirements.",Web Development
"Explain the role of a web application firewall in protecting web applications from common security threats, including SQL injection, cross-site scripting, and cross-site request forgery.",Web Development
"How do browser extensions and plugins interact with web pages and web applications, and what are the security implications of using these extensions and plugins.",Web Development
"What are the key differences between a web server and a web application server in a web development context, and how do they interact with each other to serve dynamic web content.",Web Development
"Describe the role of the Model-View-Controller pattern in web development, including its components and how they collaborate to handle user requests and generate responses.",Web Development
"Compare and contrast the use of the POST and GET methods in HTTP requests, including scenarios where one is preferred over the other for security, functionality, or usability reasons.",Web Development
"Explain how JavaScript closures can be utilized to encapsulate data and behavior in web applications, providing examples of their application in event handling and module design.",Web Development
"Discuss the concept of responsive web design, including the techniques and technologies used to ensure that web pages adapt their layout and visual appearance to different screen sizes and devices.",Web Development
"What are the advantages and disadvantages of using a client-side JavaScript framework like React or Angular to build complex web applications, as opposed to relying solely on server-side rendering.",Web Development
"Describe the process of using CSS preprocessors like Sass or Less to write more efficient, modular, and maintainable CSS code for styling web pages.",Web Development
"Explain the difference between null and undefined in JavaScript, including how they arise in different contexts and how to handle them effectively in web application code.",Web Development
"How does the concept of a Single Page Application differ from traditional multi-page web applications, and what are the implications for navigation, routing, and data management.",Web Development
"Discuss the role of accessibility in web development, including the importance of semantic HTML, ARIA attributes, and high contrast modes for ensuring that web applications are usable by people with disabilities.",Web Development
"Compare the use of relational databases versus NoSQL databases for storing and retrieving data in web applications, including considerations of data structure, scalability, and query complexity.",Web Development
"Explain how to use HTML5 canvas and WebGL to create interactive, graphics-intensive web applications, such as games or simulations.",Web Development
"Describe the security risks associated with SQL injection attacks and cross-site scripting attacks, and discuss strategies for preventing them in web applications.",Web Development
What are the key features and benefits of using a front-end build tool like Webpack or Rollup to manage and optimize the assets and code of a web application.,Web Development
"Explain the concept of test-driven development in web application development, including how to write unit tests and integration tests for JavaScript code using frameworks like Jest or Mocha.",Web Development
"Discuss the trade-offs between using a monolithic architecture versus a microservices architecture for large-scale web applications, including considerations of maintainability, scalability, and communication between services.",Web Development
"Describe the process of deploying a web application to a cloud platform like AWS or Google Cloud, including the use of containerization tools like Docker and orchestration tools like Kubernetes.",Web Development
"How does the use of a Content Security Policy help to prevent cross-site scripting attacks and ensure the security of web applications, and what are the key considerations for implementing a CSP effectively.",Web Development
"Explain the role of the browser's same-origin policy in preventing cross-site request forgery attacks, and discuss strategies for safely making cross-origin requests using CORS or JSONP.",Web Development
"Compare and contrast the use of cookies versus local storage versus session storage for storing data on the client-side in web applications, including considerations of security, persistence, and accessibility.",Web Development
"Describe the benefits and challenges of using a headless browser like Puppeteer or Selenium for automating web application testing and scraping, including considerations of performance, reliability, and maintenance.",Web Development
"Explain how to use WebSockets to establish real-time, bi-directional communication between a web application and a server, including scenarios where WebSockets are particularly useful or necessary.",Web Development
"Discuss the implications of the General Data Protection Regulation for web application development, including requirements for user consent, data minimization, and data protection by design and by default.",Web Development
"Explain the concept of a Progressive Web App, including the key features and technologies that enable web applications to provide a native app-like experience, such as service workers, push notifications, and offline support.",Web Development
"Describe the process of optimizing the performance of a web application, including techniques for minimizing latency, reducing page load times, and improving responsiveness, such as code splitting, caching, and image compression.",Web Development
What are the key differences between HTTP and HTTPS protocols in terms of security and data encryption in web development.,Web Development
Describe the concept of a Single Page Application and how it differs from a traditional multi-page website in terms of user experience and development approach.,Web Development
"Explain the role of a Content Delivery Network in optimizing the performance and scalability of a web application, including its impact on page load times and user engagement.",Web Development
"Compare and contrast the React and Angular JavaScript frameworks in terms of their architecture, component-based structure, and suitability for complex web application development.",Web Development
"Discuss the importance of responsive web design in modern web development, including its impact on user experience, search engine optimization, and accessibility across various devices and screen sizes.",Web Development
What are the advantages and disadvantages of using a server-side programming language like Ruby on Rails versus a client-side framework like Vue.js for building dynamic web applications.,Web Development
"Explain the concept of a RESTful API and how it enables communication between web services, including the role of HTTP methods, URI structure, and data formats like JSON and XML.",Web Development
"Describe the process of optimizing the performance of a web application using caching techniques, including browser caching, server-side caching, and caching libraries like Redis and Memcached.",Web Development
"Compare the features and functionality of the Bootstrap and Material-UI front-end frameworks, including their grid systems, component libraries, and customization options.",Web Development
"Discuss the role of accessibility in web development, including the importance of semantic HTML, ARIA attributes, and user experience considerations for users with disabilities.",Web Development
"Explain the concept of a Microfrontend architecture and how it enables the development of scalable, modular web applications using multiple frameworks and technologies.",Web Development
"What are the benefits and challenges of using a headless CMS like Ghost or Strapi for building decoupled web applications, including the role of APIs and front-end frameworks.",Web Development
"Describe the process of implementing authentication and authorization in a web application using JSON Web Tokens, including token generation, validation, and revocation.",Web Development
"Explain the role of WebSockets in enabling real-time communication between web servers and clients, including their use cases, advantages, and potential security concerns.",Web Development
"Compare and contrast the GraphQL and REST API paradigms, including their query languages, schema definitions, and use cases for building flexible and scalable web services.",Web Development
"Discuss the importance of web security in protecting user data and preventing common attacks like SQL injection, cross-site scripting, and cross-site request forgery.",Web Development
"Explain the concept of a Progressive Web App and how it combines the benefits of native mobile apps and web applications, including features like offline support, push notifications, and home screen installation.",Web Development
"Describe the process of deploying a web application to a cloud platform like AWS or Google Cloud, including the role of containerization, orchestration, and scaling.",Web Development
"What are the advantages and disadvantages of using a statically generated website like those built with Next.js or Gatsby, including their impact on performance, SEO, and development complexity.",Web Development
"Explain the role of JavaScript modules and bundlers like Webpack and Rollup in managing dependencies, optimizing code, and improving the performance of web applications.",Web Development
"Compare the features and functionality of the Django and Flask Python web frameworks, including their ORM systems, templating engines, and support for asynchronous programming.",Web Development
"Discuss the importance of testing and debugging in web development, including the role of unit tests, integration tests, and debugging tools like Chrome DevTools and Node.js Inspector.",Web Development
"Explain the concept of a Service Worker and how it enables the development of offline-capable web applications, including its role in caching, routing, and push notifications.",Web Development
"Describe the process of implementing internationalization and localization in a web application, including the use of Unicode, character encoding, and translation management systems.",Web Development
"Explain the role of CSS preprocessors like Sass and Less in improving the maintainability, scalability, and performance of web application front-ends, including their features like variables, mixins, and nesting.",Web Development
What is the primary difference between the HTTP request methods GET and POST in terms of data transmission and server handling in web development!,Web Development
Describe the process of handling asynchronous requests in a web application using JavaScript and the XMLHttpRequest object or the Fetch API!,Web Development
Explain the concept of a Single Page Application and how it differs from traditional multi-page web applications in terms of user experience and development approach!,Web Development
"Compare and contrast the use of CSS preprocessors like Sass and Less with native CSS in web development, highlighting their advantages and disadvantages!",Web Development
"Discuss the role of WebSockets in real-time web applications, including their advantages over traditional HTTP request-response cycle and common use cases!",Web Development
"What are the key considerations for ensuring web accessibility in web development, including semantic HTML, ARIA attributes, and high contrast modes!",Web Development
"How does the React library manage state and props in functional components, and what are the implications for component reusability and code maintainability!",Web Development
"Explain the concept of a RESTful API and how it differs from other API design approaches, including SOAP and GraphQL, in terms of endpoints and request methods!",Web Development
"Describe the process of optimizing images for web use, including compression, caching, and responsive image techniques to improve page load times!",Web Development
Discuss the trade-offs between using a relational database management system like MySQL versus a NoSQL database like MongoDB in web application development!,Web Development
"What is the purpose of the package.json file in a Node.js project, and how does it facilitate dependency management and project configuration!",Web Development
"Explain the difference between client-side and server-side validation in web forms, including the advantages and disadvantages of each approach!",Web Development
"Compare and contrast the features and use cases of popular front-end build tools like Webpack, Rollup, and Gulp in web development!",Web Development
"How does the concept of Separation of Concerns apply to web development, including the separation of HTML, CSS, and JavaScript code!",Web Development
Describe the process of implementing authentication and authorization in a web application using JSON Web Tokens and session cookies!,Web Development
Explain the concept of a Content Security Policy and how it helps prevent cross-site scripting attacks by defining allowed sources of content!,Web Development
"What are the key benefits and challenges of using a static site generator like Jekyll or Hugo in web development, including performance and scalability!",Web Development
Discuss the role of polyfills and transpilers like Babel in ensuring cross-browser compatibility and supporting modern JavaScript features in older browsers!,Web Development
Describe the process of conducting user experience research and creating user personas in the context of web development and design!,Web Development
"Explain the difference between a web server like Apache or Nginx and a web application server like Node.js or Django, including their roles and responsibilities!",Web Development
"How does the concept of progressive enhancement apply to web development, including the use of feature detection and graceful degradation!",Web Development
"Compare and contrast the features and use cases of popular back-end frameworks like Express.js, Django, and Ruby on Rails in web development!",Web Development
Explain the concept of a microfrontend architecture and how it differs from traditional monolithic frontend architectures in terms of scalability and maintainability!,Web Development
"What are the key considerations for ensuring web security in web development, including common vulnerabilities like SQL injection and cross-site scripting!",Web Development
"Describe the process of using a version control system like Git in web development, including branching, merging, and resolving conflicts!",Web Development
"What are the primary differences between strong and weak artificial intelligence, and how do these differences impact the potential applications of each type of AI?",Artificial Intelligence
"How do neural networks learn to recognize patterns in data, and what role do activation functions play in this process?",Artificial Intelligence
"Compare and contrast the concepts of supervised, unsupervised, and reinforcement learning in the context of machine learning.",Artificial Intelligence
"What is the purpose of the knowledge representation step in the development of an expert system, and how is it typically implemented?",Artificial Intelligence
"Describe the process of decision tree induction, including how the tree is constructed and how it is used for classification.",Artificial Intelligence
"Explain the concept of overfitting in machine learning, and describe at least two techniques that can be used to prevent or mitigate it.",Artificial Intelligence
What is the difference between a genetic algorithm and an evolutionary programming approach to optimization problems?,Artificial Intelligence
"How do support vector machines handle high-dimensional data, and what are the advantages of using SVMs for classification tasks?",Artificial Intelligence
"What are the key components of a planning system, and how do they interact to generate a plan?",Artificial Intelligence
"Describe the concept of a Bayesian network, including how it is constructed and how it can be used for probabilistic reasoning.",Artificial Intelligence
What is the role of the alpha-beta pruning algorithm in the development of game-playing AI systems?,Artificial Intelligence
"Explain the concept of clustering in unsupervised learning, including the different types of clustering algorithms and their applications.",Artificial Intelligence
How do deep learning models such as convolutional neural networks and recurrent neural networks handle sequential data?,Artificial Intelligence
"What is the purpose of the backpropagation algorithm in training neural networks, and how does it work?",Artificial Intelligence
"Compare and contrast the concepts of symbolic and connectionist AI, including their strengths and weaknesses.",Artificial Intelligence
"What are the key challenges and limitations of natural language processing, and how have researchers addressed these challenges?",Artificial Intelligence
"Explain the concept of a Markov decision process, including how it is used to model decision-making problems and how it can be solved.",Artificial Intelligence
"Describe the process of feature extraction and selection in machine learning, including the different techniques that can be used.",Artificial Intelligence
"What is the role of reinforcement learning in robotics, and how can it be used to train robots to perform complex tasks?",Artificial Intelligence
"How do expert systems handle uncertainty and ambiguity in their knowledge bases, and what are the implications of these limitations?",Artificial Intelligence
"What are the key differences between a feedforward neural network and a recurrent neural network, and how do these differences impact their applications?",Artificial Intelligence
"Explain the concept of transfer learning, including how it can be used to improve the performance of machine learning models.",Artificial Intelligence
"What is the purpose of the minimax algorithm in game-playing AI systems, and how does it work?",Artificial Intelligence
"Describe the concept of a multi-agent system, including how agents interact and cooperate to achieve common goals.",Artificial Intelligence
"What are the primary differences between a strong AI system and a weak AI system, and how do these differences impact their potential applications and limitations.",Artificial Intelligence
"How does the concept of overfitting affect the performance of a machine learning model, and what techniques can be used to prevent or mitigate this issue.",Artificial Intelligence
"Describe the process of knowledge representation in an expert system, including the types of knowledge that can be represented and the methods used to acquire and update this knowledge.",Artificial Intelligence
"Compare and contrast the approaches of symbolic AI and connectionist AI, including their strengths, weaknesses, and potential areas of application.",Artificial Intelligence
"Explain the concept of reinforcement learning and how it can be used to train an agent to make decisions in a complex, uncertain environment.",Artificial Intelligence
"What are the key components of a fuzzy logic system, and how can they be used to model and reason about uncertain or imprecise knowledge.",Artificial Intelligence
Discuss the ethical implications of developing and deploying autonomous systems that can make decisions without human oversight or intervention.,Artificial Intelligence
"How does the concept of transfer learning enable a machine learning model to adapt to new tasks or environments, and what are the benefits and limitations of this approach.",Artificial Intelligence
"Describe the architecture and operation of a recurrent neural network, including its potential applications and challenges.",Artificial Intelligence
"Explain the concept of explainability in AI systems, including the importance of understanding how a model makes its decisions and the challenges of achieving transparency in complex models.",Artificial Intelligence
"What are the primary challenges and limitations of developing AI systems that can understand and generate human-like language, and how are researchers addressing these challenges.",Artificial Intelligence
"Compare and contrast the approaches of supervised learning, unsupervised learning, and semi-supervised learning, including their strengths, weaknesses, and potential areas of application.",Artificial Intelligence
"How does the concept of attention mechanism improve the performance of a neural network, and what are the different types of attention mechanisms that can be used.",Artificial Intelligence
Explain the concept of natural language processing and how it can be used to extract insights and meaning from large volumes of text data.,Artificial Intelligence
"Describe the process of decision-making in a multi-agent system, including the challenges of coordinating the actions of multiple agents and the methods used to achieve cooperation or competition.",Artificial Intelligence
"What are the key differences between a Bayesian network and a neural network, and how can each be used to model and reason about complex systems.",Artificial Intelligence
Discuss the potential applications and limitations of using evolutionary computation to optimize complex systems or solve difficult problems.,Artificial Intelligence
Explain the concept of deep learning and how it enables a neural network to learn complex patterns and relationships in large datasets.,Artificial Intelligence
"How does the concept of dimensionality reduction enable a machine learning model to simplify complex data and improve its performance, and what are the different techniques that can be used to achieve this.",Artificial Intelligence
"Describe the architecture and operation of a cognitive architecture, including its potential applications and challenges.",Artificial Intelligence
What are the primary challenges and limitations of developing AI systems that can perceive and understand their environment through visual or sensory data.,Artificial Intelligence
"Compare and contrast the approaches of symbolic reasoning and probabilistic reasoning, including their strengths, weaknesses, and potential areas of application.",Artificial Intelligence
Explain the concept of human-AI collaboration and how it can be used to enhance the performance and decision-making of complex systems.,Artificial Intelligence
"How does the concept of meta-learning enable a machine learning model to adapt to new tasks or environments, and what are the benefits and limitations of this approach.",Artificial Intelligence
"What are the key components of a robot control system, and how can they be used to enable a robot to perceive, reason about, and interact with its environment.",Artificial Intelligence
"What are the primary differences between narrow or weak artificial intelligence and general or strong artificial intelligence, and how do these distinctions impact the development and application of AI systems?",Artificial Intelligence
"How does the concept of overfitting in machine learning relate to the trade-off between model complexity and generalizability, and what techniques can be employed to mitigate overfitting in practice?",Artificial Intelligence
"Explain the role of reinforcement learning in the development of autonomous agents, including the key components of the reinforcement learning framework and the types of problems it is well-suited to solve.",Artificial Intelligence
"Describe the process of knowledge engineering in expert systems, including the steps involved in eliciting, representing, and validating domain knowledge, and the challenges that can arise during this process.",Artificial Intelligence
"What are the main advantages and limitations of using decision trees as a classification algorithm in machine learning, and how do decision trees relate to other supervised learning methods?",Artificial Intelligence
"Discuss the concept of explainability in artificial intelligence, including the reasons why explainability is important, the challenges of achieving explainability in complex models, and the techniques that can be used to improve model interpretability.",Artificial Intelligence
"Compare and contrast the symbolic and connectionist approaches to artificial intelligence, including the strengths and weaknesses of each approach and the types of problems they are best suited to solve.",Artificial Intelligence
"How do artificial neural networks learn to represent and classify complex patterns in data, and what are the key factors that influence the performance of a neural network in practice?",Artificial Intelligence
"Explain the concept of transfer learning in deep learning, including the benefits and limitations of using pre-trained models, and the scenarios in which transfer learning is most effective.",Artificial Intelligence
"What are the primary challenges and limitations of developing artificial intelligence systems that can understand and generate natural language, and how have these challenges been addressed in recent research?",Artificial Intelligence
"Describe the process of clustering in unsupervised learning, including the types of clustering algorithms that exist, and the evaluation metrics used to assess the quality of clustering results.",Artificial Intelligence
"Discuss the role of computer vision in artificial intelligence, including the key applications of computer vision, the challenges of image and video analysis, and the techniques used to overcome these challenges.",Artificial Intelligence
"How do Markov decision processes provide a framework for modeling and solving complex decision-making problems in artificial intelligence, and what are the limitations of this approach?",Artificial Intelligence
"Explain the concept of attention mechanisms in deep learning, including the benefits of using attention, and the types of problems where attention mechanisms are particularly effective.",Artificial Intelligence
"What are the main differences between inductive and deductive reasoning in artificial intelligence, and how are these forms of reasoning used in expert systems and other AI applications?",Artificial Intelligence
"Compare and contrast the batch and online learning paradigms in machine learning, including the advantages and disadvantages of each approach, and the scenarios in which they are most appropriate.",Artificial Intelligence
"Describe the concept of meta-learning in artificial intelligence, including the benefits and challenges of learning to learn, and the techniques used to implement meta-learning in practice.",Artificial Intelligence
"How do evolutionary algorithms provide a framework for optimization and search in artificial intelligence, and what are the key components and variations of evolutionary algorithms?",Artificial Intelligence
"Explain the concept of adversarial examples in machine learning, including the types of attacks that can be mounted against AI systems, and the techniques used to defend against these attacks.",Artificial Intelligence
"Discuss the role of knowledge representation in artificial intelligence, including the types of knowledge that must be represented, and the trade-offs between different knowledge representation schemes.",Artificial Intelligence
"What are the primary challenges and limitations of developing artificial intelligence systems that can reason about time and action, and how have these challenges been addressed in recent research?",Artificial Intelligence
"Describe the process of planning in artificial intelligence, including the types of planning problems that exist, and the algorithms and techniques used to solve these problems.",Artificial Intelligence
"Explain the concept of ensemble learning in machine learning, including the benefits and limitations of combining multiple models, and the techniques used to construct and evaluate ensembles.",Artificial Intelligence
"How do artificial intelligence systems use probability and uncertainty to reason about the world, and what are the key challenges and limitations of representing and reasoning about uncertainty in AI systems?",Artificial Intelligence
"Discuss the role of human-computer interaction in artificial intelligence, including the key considerations and challenges of designing effective and intuitive interfaces for AI systems.",Artificial Intelligence
"What are the primary differences between a knowledge-based system and an expert system in the context of Artificial Intelligence, and how do their applications vary in real-world scenarios.",Artificial Intelligence
"How do the concepts of overfitting and underfitting affect the performance of machine learning models, and what techniques can be employed to mitigate these issues in practice.",Artificial Intelligence
"Describe the role of reinforcement learning in the development of autonomous agents, and explain how it differs from other types of machine learning paradigms.",Artificial Intelligence
"Explain the concept of a neural network, including its basic components such as neurons, weights, and biases, and discuss its application in deep learning.",Artificial Intelligence
"Compare and contrast the approaches of symbolic AI and connectionist AI, highlighting their strengths and weaknesses in tackling complex problems.",Artificial Intelligence
"What are the key characteristics of a Markov decision process, and how is it used to model decision-making problems in Artificial Intelligence.",Artificial Intelligence
"Discuss the significance of natural language processing in AI, including its applications, challenges, and the current state of the art in this field.",Artificial Intelligence
"How does the concept of Occam's Razor relate to the development of machine learning models, and what are its implications for model selection and evaluation.",Artificial Intelligence
"Describe the process of training a deep neural network, including data preprocessing, model initialization, and optimization techniques.",Artificial Intelligence
Explain the concept of transfer learning and its benefits in reducing the need for large amounts of labeled training data in machine learning.,Artificial Intelligence
"What are the primary challenges associated with developing AI systems that can learn from high-dimensional data, and how are these challenges being addressed.",Artificial Intelligence
"Discuss the role of ensemble methods in improving the performance and robustness of machine learning models, and provide examples of their application.",Artificial Intelligence
"How do evolutionary algorithms contribute to the field of Artificial Intelligence, and what are their advantages and limitations compared to other optimization techniques.",Artificial Intelligence
"Explain the concept of a Bayesian network, including its representation, inference, and application in probabilistic reasoning.",Artificial Intelligence
"Compare the approaches of inductive learning and deductive learning in the context of machine learning, and discuss their respective strengths and weaknesses.",Artificial Intelligence
"Describe the architecture and functionality of a cognitive architecture, and discuss its role in integrating multiple AI components.",Artificial Intelligence
"What are the key differences between a Type I and a Type II error in the context of statistical hypothesis testing, and how do these concepts relate to the evaluation of AI systems.",Artificial Intelligence
"Explain the concept of attention mechanisms in deep learning models, and discuss their application in sequence-to-sequence tasks.",Artificial Intelligence
"Discuss the significance of explainability in AI, including the challenges of interpreting complex models and the techniques used to address these challenges.",Artificial Intelligence
"How does the concept of game theory relate to Artificial Intelligence, and what are the implications of game-theoretic approaches for multi-agent systems.",Artificial Intelligence
"Explain the concept of a support vector machine, including its formulation, optimization, and application in classification and regression tasks.",Artificial Intelligence
"Describe the process of knowledge graph construction, including data sources, representation, and reasoning, and discuss its applications in AI.",Artificial Intelligence
"What are the primary challenges associated with developing AI systems that can learn from incomplete or noisy data, and how are these challenges being addressed.",Artificial Intelligence
"Explain the concept of meta-learning and its application in few-shot learning, and discuss the potential benefits and limitations of this approach.",Artificial Intelligence
"Discuss the role of human-computer interaction in the design and development of AI systems, including the importance of usability, accessibility, and user experience.",Artificial Intelligence
"What are the primary differences between supervised and unsupervised learning algorithms in the context of machine learning, and how do they apply to real-world problems.",Machine Learning
"Describe the concept of overfitting in machine learning and explain the techniques used to prevent it, including regularization and early stopping.",Machine Learning
Explain the role of bias and variance in machine learning models and how they contribute to the overall error of a model.,Machine Learning
"Compare and contrast the k-nearest neighbors algorithm and the support vector machine algorithm in terms of their strengths, weaknesses, and applications.",Machine Learning
"What is the purpose of feature scaling in machine learning, and how does it impact the performance of different algorithms.",Machine Learning
"Discuss the concept of deep learning and its relationship to traditional machine learning, including the key advantages and limitations of deep learning models.",Machine Learning
"How do machine learning algorithms handle missing data, and what are the implications of different approaches to missing data imputation.",Machine Learning
"What is the difference between a generative model and a discriminative model in machine learning, and provide examples of each.",Machine Learning
Explain the concept of ensemble learning and how it can be used to improve the accuracy and robustness of machine learning models.,Machine Learning
Describe the process of hyperparameter tuning in machine learning and explain the importance of hyperparameter optimization.,Machine Learning
"What are the key characteristics of a recommender system, and how do they use machine learning algorithms to make personalized recommendations.",Machine Learning
Compare and contrast the batch gradient descent and stochastic gradient descent optimization algorithms used in machine learning.,Machine Learning
"Explain the concept of regularization in machine learning, including L1 and L2 regularization, and describe their effects on model complexity.",Machine Learning
"What is the role of activation functions in neural networks, and how do different activation functions impact the performance of a model.",Machine Learning
Discuss the concept of transfer learning in machine learning and explain how it can be used to adapt pre-trained models to new tasks.,Machine Learning
"How do machine learning algorithms handle imbalanced datasets, and what are the implications of different approaches to class imbalance.",Machine Learning
"What is the difference between a parametric model and a non-parametric model in machine learning, and provide examples of each.",Machine Learning
Explain the concept of clustering in machine learning and describe the k-means and hierarchical clustering algorithms.,Machine Learning
Describe the process of model selection in machine learning and explain the importance of choosing the right model for a given problem.,Machine Learning
"What are the key challenges and limitations of using machine learning in real-world applications, and how can they be addressed.",Machine Learning
"Compare and contrast the decision tree and random forest algorithms in terms of their strengths, weaknesses, and applications.",Machine Learning
"Explain the concept of neural network architecture and describe the key components of a neural network, including layers and connections.",Machine Learning
Discuss the concept of interpretability in machine learning and explain the importance of model interpretability in real-world applications.,Machine Learning
"What is the role of evaluation metrics in machine learning, and how do they impact the assessment of model performance.",Machine Learning
Explain the concept of reinforcement learning in machine learning and describe the key components of a reinforcement learning system.,Machine Learning
"What are the primary differences between supervised and unsupervised machine learning algorithms, and how do they apply to real-world problems.",Machine Learning
Describe the concept of overfitting in machine learning models and explain how regularization techniques can be used to prevent it.,Machine Learning
"Explain the role of the activation function in a neural network, and how different activation functions can affect the performance of the network.",Machine Learning
"Compare and contrast the k-nearest neighbors and k-means clustering algorithms, including their strengths and weaknesses.",Machine Learning
"What is the purpose of the bias term in a linear regression model, and how does it affect the predictions made by the model.",Machine Learning
"How does the choice of kernel affect the performance of a support vector machine, and what are the advantages and disadvantages of different kernel types.",Machine Learning
"Describe the process of backpropagation in a neural network, including how error gradients are calculated and used to update the model's weights.",Machine Learning
"Explain the concept of ensemble learning, and how techniques such as bagging and boosting can be used to improve the performance of machine learning models.",Machine Learning
What are the advantages and disadvantages of using a deep neural network versus a shallow neural network for a given task.,Machine Learning
"Describe the differences between a generative model and a discriminative model in machine learning, and provide examples of each.",Machine Learning
"How does the concept of entropy relate to machine learning, particularly in the context of decision trees and random forests.",Machine Learning
"Explain the concept of regularization in machine learning, including the different types of regularization and their effects on model performance.",Machine Learning
"Compare and contrast the gradient descent and stochastic gradient descent optimization algorithms, including their strengths and weaknesses.",Machine Learning
"What is the purpose of the learning rate in a machine learning model, and how does it affect the convergence of the model.",Machine Learning
"Describe the process of cross-validation in machine learning, including its benefits and limitations.",Machine Learning
"Explain the concept of feature engineering in machine learning, and how it can be used to improve the performance of a model.",Machine Learning
"How does the choice of evaluation metric affect the performance of a machine learning model, and what are the advantages and disadvantages of different metrics.",Machine Learning
"Describe the differences between a parametric and non-parametric machine learning model, and provide examples of each.",Machine Learning
What are the advantages and disadvantages of using a machine learning model versus a rule-based system for a given task.,Machine Learning
"Explain the concept of transfer learning in machine learning, and how it can be used to improve the performance of a model.",Machine Learning
"Describe the process of hyperparameter tuning in machine learning, including its importance and challenges.",Machine Learning
"How does the concept of bias-variance tradeoff relate to machine learning, particularly in the context of model selection and regularization.",Machine Learning
"Explain the concept of online learning in machine learning, and how it differs from traditional batch learning approaches.",Machine Learning
"Describe the differences between a linear and non-linear machine learning model, and provide examples of each.",Machine Learning
What are the advantages and disadvantages of using a neural network versus a traditional machine learning model for a given task.,Machine Learning
"What are the primary differences between supervised and unsupervised learning algorithms in machine learning, and provide examples of each.",Machine Learning
"Explain the concept of overfitting in machine learning models and describe techniques to prevent it, including regularization and early stopping.",Machine Learning
"Describe the process of data preprocessing in machine learning, including handling missing values, data normalization, and feature scaling.",Machine Learning
Compare and contrast the gradient descent and stochastic gradient descent optimization algorithms used in machine learning.,Machine Learning
"What is the role of the activation function in a neural network, and explain the differences between sigmoid, ReLU, and tanh activation functions.",Machine Learning
"How do machine learning algorithms handle imbalanced datasets, and what techniques can be used to improve the performance of models on minority classes.",Machine Learning
"Explain the concept of ensemble learning in machine learning, including bagging, boosting, and stacking, and provide examples of each.",Machine Learning
Describe the architecture of a convolutional neural network (CNN) and explain its application in image classification tasks.,Machine Learning
"What is the difference between a generative model and a discriminative model in machine learning, and provide examples of each.",Machine Learning
"Explain the concept of transfer learning in deep learning, including its benefits and limitations, and describe how it can be applied to real-world problems.",Machine Learning
Compare and contrast the k-nearest neighbors (k-NN) and support vector machines (SVM) algorithms for classification tasks.,Machine Learning
"Describe the process of hyperparameter tuning in machine learning, including grid search, random search, and Bayesian optimization.",Machine Learning
"What is the role of the cost function in machine learning, and explain the differences between mean squared error, mean absolute error, and cross-entropy loss functions.",Machine Learning
"Explain the concept of reinforcement learning in machine learning, including the agent, environment, and reward signal, and provide examples of applications.",Machine Learning
"Describe the architecture of a recurrent neural network (RNN) and explain its application in sequential data tasks, such as natural language processing.",Machine Learning
Compare and contrast the decision tree and random forest algorithms for classification and regression tasks.,Machine Learning
"What is the difference between a supervised and semi-supervised learning approach, and provide examples of each.",Machine Learning
"Explain the concept of feature engineering in machine learning, including feature extraction, feature selection, and feature construction.",Machine Learning
"Describe the process of model evaluation in machine learning, including metrics such as accuracy, precision, recall, and F1 score.",Machine Learning
"What is the role of regularization techniques, such as L1 and L2 regularization, in preventing overfitting in machine learning models.",Machine Learning
"Explain the concept of deep learning in machine learning, including its benefits and limitations, and describe how it can be applied to real-world problems.",Machine Learning
Compare and contrast the k-means and hierarchical clustering algorithms for unsupervised learning tasks.,Machine Learning
"Describe the architecture of a long short-term memory (LSTM) network and explain its application in sequential data tasks, such as natural language processing.",Machine Learning
"What is the difference between a parametric and non-parametric machine learning model, and provide examples of each.",Machine Learning
"Explain the concept of model interpretability in machine learning, including techniques such as feature importance and partial dependence plots.",Machine Learning
"What are the primary differences between supervised and unsupervised machine learning algorithms, and provide an example of when you would use each.",Machine Learning
"Describe the concept of overfitting in machine learning, and explain how regularization techniques can be used to prevent it.",Machine Learning
"Explain the role of the activation function in a neural network, and describe the differences between the sigmoid, ReLU, and tanh activation functions.",Machine Learning
"Compare and contrast the k-nearest neighbors and k-means clustering algorithms, including their strengths and weaknesses.",Machine Learning
"How does the bias-variance tradeoff affect the performance of a machine learning model, and what techniques can be used to balance these two competing factors.",Machine Learning
"What is the purpose of the validation set in machine learning, and how does it differ from the training and testing sets.",Machine Learning
"Describe the process of backpropagation in a neural network, including how the error is propagated backwards through the layers.",Machine Learning
"Explain the difference between a generative model and a discriminative model in machine learning, and provide an example of each.",Machine Learning
"What is the concept of ensemble learning, and how can it be used to improve the performance of a machine learning model.",Machine Learning
"How does the choice of loss function affect the performance of a machine learning model, and what are some common loss functions used in different types of problems.",Machine Learning
"Explain the concept of transfer learning, and describe how it can be used to adapt a pre-trained model to a new but related task.",Machine Learning
"Compare and contrast the decision tree and random forest algorithms, including their strengths and weaknesses.",Machine Learning
"What is the role of feature engineering in machine learning, and how can it be used to improve the performance of a model.",Machine Learning
"Describe the concept of gradient descent, and explain how it is used to optimize the parameters of a machine learning model.",Machine Learning
"Explain the difference between a parametric and non-parametric model in machine learning, and provide an example of each.",Machine Learning
"How does the choice of hyperparameters affect the performance of a machine learning model, and what techniques can be used to tune them.",Machine Learning
"What is the concept of reinforcement learning, and how does it differ from supervised and unsupervised learning.",Machine Learning
"Explain the concept of deep learning, and describe how it can be used to solve complex machine learning problems.",Machine Learning
"Describe the process of data preprocessing in machine learning, including handling missing values and normalization.",Machine Learning
"Compare and contrast the support vector machine and logistic regression algorithms, including their strengths and weaknesses.",Machine Learning
"Explain the concept of model interpretability in machine learning, and describe techniques that can be used to interpret the results of a model.",Machine Learning
"What is the role of regularization in machine learning, and how can it be used to prevent overfitting.",Machine Learning
"Describe the concept of batch normalization, and explain how it can be used to improve the stability and speed of training of a neural network.",Machine Learning
"Explain the difference between a convolutional neural network and a recurrent neural network, and provide an example of when you would use each.",Machine Learning
"What are the primary differences between a recurrent neural network and a feedforward neural network in the context of deep learning, and how do these differences impact their respective applications?",Deep Learning
Explain the concept of vanishing gradients in deep neural networks and describe a technique to mitigate this issue during backpropagation.,Deep Learning
Describe the architecture of a convolutional neural network and explain how it is particularly well-suited for image classification tasks.,Deep Learning
Compare and contrast the batch normalization and layer normalization techniques used in deep learning to stabilize the training process of neural networks.,Deep Learning
How does the rectified linear unit activation function contribute to the efficiency and effectiveness of deep neural networks compared to other activation functions?,Deep Learning
"What is the purpose of dropout regularization in deep neural networks, and how does it help prevent overfitting during the training process?",Deep Learning
Explain the concept of attention mechanisms in deep learning and their role in improving the performance of sequence-to-sequence models.,Deep Learning
"Discuss the differences between supervised, unsupervised, and semi-supervised learning approaches in the context of deep learning, and provide examples of each.",Deep Learning
"Describe the process of fine-tuning a pre-trained deep neural network for a new task, including the necessary adjustments to the network's architecture and hyperparameters.",Deep Learning
Explain how the concept of transfer learning can be applied to deep neural networks to leverage knowledge gained from one task to improve performance on a related task.,Deep Learning
"What are the key characteristics of a generative adversarial network, and how do they enable the generation of realistic synthetic data?",Deep Learning
Compare the performance of deep learning models with traditional machine learning approaches on tasks such as image recognition and natural language processing.,Deep Learning
"Describe the role of the optimizer in deep learning, including the differences between stochastic gradient descent and more advanced optimization algorithms like Adam.",Deep Learning
"Explain how deep learning models can be interpreted using techniques such as saliency maps and feature importance, and discuss the importance of model interpretability.",Deep Learning
"Discuss the trade-offs between model complexity and overfitting in deep neural networks, and describe regularization techniques used to mitigate overfitting.",Deep Learning
What are the primary advantages and disadvantages of using deep learning models for natural language processing tasks compared to traditional approaches?,Deep Learning
Explain the concept of batch processing in deep learning and its impact on the training speed and efficiency of neural networks.,Deep Learning
"Describe the architecture and training process of a deep autoencoder, including its applications in dimensionality reduction and anomaly detection.",Deep Learning
Compare and contrast the long short-term memory and gated recurrent unit architectures used in recurrent neural networks for sequence modeling tasks.,Deep Learning
"Explain how deep learning models can be applied to reinforcement learning tasks, including the role of policy gradients and deep Q-networks.",Deep Learning
"Discuss the importance of hyperparameter tuning in deep learning, including the impact of hyperparameters on model performance and the methods used for hyperparameter optimization.",Deep Learning
"Describe the process of deploying a trained deep learning model in a production environment, including model serving and monitoring.",Deep Learning
Explain the concept of adversarial attacks on deep neural networks and describe techniques used to defend against such attacks and improve model robustness.,Deep Learning
"Explain how deep learning models can be applied to time-series forecasting tasks, including the use of recurrent neural networks and convolutional neural networks.",Deep Learning
"Discuss the current limitations and challenges of deep learning, including the need for large amounts of labeled data and the risk of overfitting, and describe potential future research directions.",Deep Learning
"What are the primary differences between a convolutional neural network and a recurrent neural network, and how do their architectures reflect their respective use cases in deep learning applications?",Deep Learning
How does the concept of attention mechanisms in deep learning models enhance their ability to focus on specific parts of the input data when generating outputs?,Deep Learning
Describe the role of batch normalization in deep neural networks and explain how it helps to improve the stability and speed of the training process.,Deep Learning
"What is the vanishing gradient problem in deep learning, and how do techniques such as ReLU activation functions and residual connections help to mitigate this issue?",Deep Learning
"Explain the difference between supervised, unsupervised, and semi-supervised learning in the context of deep learning, and provide examples of each paradigm.",Deep Learning
"Compare and contrast the architectures of autoencoders and generative adversarial networks, highlighting their respective strengths and weaknesses.",Deep Learning
"What are the key advantages and disadvantages of using deep learning models for natural language processing tasks, such as language translation and text classification?",Deep Learning
"How does the concept of transfer learning apply to deep learning models, and what are the benefits and limitations of using pre-trained models for new tasks?",Deep Learning
"Describe the process of training a deep neural network using stochastic gradient descent, including the role of the learning rate and regularization techniques.",Deep Learning
Explain the concept of overfitting in deep learning and describe techniques such as dropout and early stopping that can be used to prevent it.,Deep Learning
"What is the role of the softmax activation function in deep learning models, particularly in the output layer of a classification network?",Deep Learning
"How do deep learning models such as convolutional neural networks and recurrent neural networks handle sequential data, such as time series or text sequences?",Deep Learning
Compare the performance of deep learning models with traditional machine learning models on tasks such as image classification and object detection.,Deep Learning
"Describe the architecture of a deep neural network designed for image segmentation tasks, including the use of convolutional and transposed convolutional layers.",Deep Learning
"What are the key challenges and limitations of applying deep learning models to real-world problems, such as limited datasets and computational resources?",Deep Learning
"Explain the concept of regularization in deep learning, including techniques such as L1 and L2 regularization and dropout, and describe their effects on model performance.",Deep Learning
"How does the choice of activation function, such as sigmoid or ReLU, affect the behavior and performance of a deep neural network?",Deep Learning
"Describe the process of fine-tuning a pre-trained deep learning model for a new task, including the role of learning rate schedules and regularization techniques.",Deep Learning
"What are the advantages and disadvantages of using deep learning models for recommender systems, and how do they compare to traditional collaborative filtering approaches?",Deep Learning
"Explain the concept of explainability in deep learning, including techniques such as saliency maps and feature importance, and describe their limitations.",Deep Learning
"Compare the performance of different deep learning architectures, such as residual networks and inception networks, on tasks such as image classification and object detection.",Deep Learning
"Describe the role of recurrent neural networks in natural language processing tasks, such as language modeling and machine translation.",Deep Learning
"How do deep learning models such as generative adversarial networks and variational autoencoders generate new data samples, and what are the applications and limitations of these models?",Deep Learning
"Explain the concept of deep learning pruning, including techniques such as weight pruning and neuron pruning, and describe their effects on model performance and computational efficiency.",Deep Learning
"What are the key considerations and challenges when deploying deep learning models in real-world applications, such as edge devices and cloud services?",Deep Learning
"What are the primary differences between a generative adversarial network and a variational autoencoder, and how do their architectures reflect these differences.",Deep Learning
"Describe the role of batch normalization in deep neural networks, including its effects on training speed and model generalization.",Deep Learning
"How do convolutional neural networks utilize spatial hierarchies to extract features from image data, and what are the advantages of this approach.",Deep Learning
"Compare and contrast the optimization algorithms Adam and Stochastic Gradient Descent with Momentum, including their update rules and convergence properties.",Deep Learning
"Explain the concept of vanishing gradients in deep neural networks, and describe a technique for mitigating this issue.",Deep Learning
"What are the key components of a recurrent neural network, and how do they enable the modeling of sequential data.",Deep Learning
"Describe the architecture of a U-Net, including its use of encoder-decoder structures and skip connections.",Deep Learning
"How do deep learning models handle missing data, and what are some common techniques for imputing missing values.",Deep Learning
"What is the purpose of the softmax activation function in a neural network, and how is it typically used.",Deep Learning
"Explain the difference between a deep neural network and a shallow neural network, including the advantages and disadvantages of each.",Deep Learning
"Describe the process of transfer learning in deep neural networks, including how pre-trained models can be fine-tuned for new tasks.",Deep Learning
"How do deep learning models handle class imbalance problems, and what are some common techniques for addressing this issue.",Deep Learning
What are the primary advantages and disadvantages of using deep learning models for natural language processing tasks.,Deep Learning
Compare and contrast the architectures of deep neural networks designed for image classification and those designed for object detection.,Deep Learning
"Explain the concept of overfitting in deep neural networks, and describe some common techniques for preventing or mitigating this issue.",Deep Learning
"Describe the role of the rectified linear unit activation function in deep neural networks, and explain its advantages over other activation functions.",Deep Learning
"How do deep learning models handle sequential data with varying lengths, and what are some common techniques for addressing this issue.",Deep Learning
"What are the key differences between a deep neural network and a decision tree, including their strengths and weaknesses.",Deep Learning
"Explain the concept of attention mechanisms in deep neural networks, and describe their use in models such as transformers.",Deep Learning
"Describe the architecture of a transformer model, including its use of self-attention mechanisms and encoder-decoder structures.",Deep Learning
"How do deep learning models handle multi-modal data, and what are some common techniques for fusing or integrating different data modalities.",Deep Learning
What are the primary advantages and disadvantages of using deep learning models for time series forecasting tasks.,Deep Learning
"Explain the concept of explainability in deep neural networks, and describe some common techniques for interpreting or understanding model decisions.",Deep Learning
"Describe the process of data augmentation in deep learning, including its use in increasing model robustness and preventing overfitting.",Deep Learning
Compare and contrast the architectures of deep neural networks designed for speech recognition and those designed for music classification.,Deep Learning
"What are the primary differences between a deep neural network and a shallow neural network, and how do these differences impact their respective abilities to model complex relationships within data?",Deep Learning
"How does the backpropagation algorithm handle the computation of gradients in deep neural networks, and what role does the chain rule play in this process?",Deep Learning
"Describe the concept of vanishing gradients in deep neural networks, and explain how techniques such as ReLU activation functions and batch normalization help to mitigate this issue.",Deep Learning
"Compare and contrast the architectures of convolutional neural networks and recurrent neural networks, and discuss the types of problems for which each is particularly well-suited.",Deep Learning
"What is the purpose of dropout regularization in deep neural networks, and how does it help to prevent overfitting during the training process?",Deep Learning
"Explain the concept of attention mechanisms in deep learning models, and describe how they are used to focus on specific parts of the input data when generating outputs.",Deep Learning
"How do deep neural networks typically handle missing or incomplete data, and what are some common techniques used to impute or replace missing values?",Deep Learning
"What is the difference between a generative model and a discriminative model in deep learning, and provide examples of each type of model?",Deep Learning
"Describe the architecture of a basic autoencoder, and explain how it can be used for dimensionality reduction and anomaly detection tasks.",Deep Learning
"Explain the concept of transfer learning in deep neural networks, and discuss the benefits and limitations of using pre-trained models for new tasks.",Deep Learning
"How do deep learning models handle class imbalance problems, where one class has a significantly larger number of instances than others, and what techniques can be used to address this issue?",Deep Learning
"What is the role of the optimizer in deep neural network training, and compare and contrast the Adam and SGD optimizers in terms of their strengths and weaknesses.",Deep Learning
"Describe the concept of batch normalization, and explain how it helps to stabilize the training process and improve the performance of deep neural networks.",Deep Learning
"Compare and contrast the architectures of deep neural networks and traditional machine learning models, such as decision trees and support vector machines.",Deep Learning
"Explain the concept of explainability in deep learning models, and discuss the importance of understanding how these models make predictions and decisions.",Deep Learning
"What are some common challenges and limitations of training deep neural networks, and how can techniques such as data augmentation and regularization help to address these challenges?",Deep Learning
"Describe the architecture of a recurrent neural network, and explain how it can be used for sequence prediction and generation tasks.",Deep Learning
"How do deep learning models handle multimodal data, such as text, images, and audio, and what are some common techniques used to fuse or integrate these different modalities?",Deep Learning
"Explain the concept of overfitting in deep neural networks, and discuss the role of regularization techniques, such as dropout and L1/L2 regularization, in preventing overfitting.",Deep Learning
"What is the purpose of the softmax activation function in deep neural networks, and how is it typically used in the output layer of a classification model?",Deep Learning
"Describe the concept of a Generative Adversarial Network, and explain how it can be used for tasks such as image generation and style transfer.",Deep Learning
"Explain the concept of deep reinforcement learning, and discuss the role of techniques such as Q-learning and policy gradients in training agents to make decisions in complex environments.",Deep Learning
"Compare and contrast the architectures of deep neural networks and graphical models, such as Bayesian networks and Markov random fields.",Deep Learning
"What are some common evaluation metrics used to assess the performance of deep neural networks, and how do these metrics differ depending on the specific task or problem being addressed?",Deep Learning
"Explain the concept of pruning in deep neural networks, and discuss the benefits and limitations of reducing the complexity of a trained model by eliminating redundant or unnecessary weights and connections.",Deep Learning
"What are the primary advantages of using a shared-memory architecture in parallel computing, and how do they impact the performance of parallel algorithms?",Parallel and Distributed Computing
Describe the concept of data parallelism and how it can be applied to speed up the execution of loops in parallel computing.,Parallel and Distributed Computing
"Explain the difference between synchronous and asynchronous communication in distributed systems, and provide examples of when each approach is suitable.",Parallel and Distributed Computing
"How do parallel computing models such as PRAM and BSP differ from each other, and what are the implications of these differences for parallel algorithm design?",Parallel and Distributed Computing
"What is the purpose of a barrier synchronization in parallel computing, and how can it be implemented using shared variables or message passing?",Parallel and Distributed Computing
Compare and contrast the performance characteristics of parallel algorithms that use static scheduling versus those that use dynamic scheduling.,Parallel and Distributed Computing
Describe a scenario in which a parallel program would benefit from using a combination of both data parallelism and task parallelism.,Parallel and Distributed Computing
"Explain how the concept of scalability is related to parallel computing, and what factors can limit the scalability of a parallel system.",Parallel and Distributed Computing
"What are the key challenges in designing and implementing parallel algorithms for solving sparse linear systems, and how can they be addressed?",Parallel and Distributed Computing
Discuss the trade-offs between using a centralized versus a decentralized approach to managing resources in a distributed system.,Parallel and Distributed Computing
"How can parallel computing be used to speed up the execution of machine learning algorithms, and what are some examples of parallel machine learning algorithms?",Parallel and Distributed Computing
"Explain the concept of a distributed shared memory, and how it can be used to simplify the development of parallel programs.",Parallel and Distributed Computing
What are the advantages and disadvantages of using a message-passing model versus a shared-memory model for parallel computing?,Parallel and Distributed Computing
"Describe a parallel algorithm for solving the matrix multiplication problem, and analyze its time and space complexity.",Parallel and Distributed Computing
"Explain how the concept of fault tolerance is related to distributed systems, and what techniques can be used to achieve fault tolerance in a distributed system.",Parallel and Distributed Computing
"What are the key differences between a cluster computing system and a grid computing system, and what are the advantages and disadvantages of each approach?",Parallel and Distributed Computing
Discuss the role of parallel computing in enabling the solution of large-scale computational problems in science and engineering.,Parallel and Distributed Computing
"Explain how the concept of load balancing is related to parallel computing, and what techniques can be used to achieve load balancing in a parallel system.",Parallel and Distributed Computing
Describe a scenario in which a parallel program would benefit from using a hybrid parallel programming model that combines both shared-memory and message-passing paradigms.,Parallel and Distributed Computing
"What are the primary challenges in designing and implementing parallel algorithms for solving graph problems, and how can they be addressed?",Parallel and Distributed Computing
"Explain how the concept of parallelism is related to the concept of concurrency, and what are the implications of this relationship for parallel programming.",Parallel and Distributed Computing
"Describe a parallel algorithm for solving the fast Fourier transform problem, and analyze its time and space complexity.",Parallel and Distributed Computing
What are the advantages and disadvantages of using a parallel programming language such as OpenMP versus a parallel programming framework such as MPI?,Parallel and Distributed Computing
"Explain how the concept of data locality is related to parallel computing, and what techniques can be used to optimize data locality in a parallel program.",Parallel and Distributed Computing
"What are the primary advantages of using a parallel computing approach over a traditional sequential approach in solving complex computational problems, and how do these advantages impact the overall performance of the system.",Parallel and Distributed Computing
"Describe the key differences between symmetric and asymmetric multiprocessing architectures in the context of parallel computing, including their respective strengths and weaknesses.",Parallel and Distributed Computing
"Explain the concept of data parallelism in distributed computing, including the different types of data parallelism and how they can be applied to real-world problems.",Parallel and Distributed Computing
"How do parallel computing systems handle synchronization and communication between processors, and what are some common synchronization primitives used in parallel programming.",Parallel and Distributed Computing
"Compare and contrast the MPI and OpenMP programming models for parallel computing, including their strengths, weaknesses, and use cases.",Parallel and Distributed Computing
"What is the concept of load balancing in distributed computing, and how can it be achieved through various scheduling algorithms and techniques.",Parallel and Distributed Computing
"Describe the architecture of a typical cluster computing system, including the components and interconnects used to enable parallel processing.",Parallel and Distributed Computing
"Explain the concept of parallel algorithms, including the different types of parallel algorithms and how they can be designed and analyzed for efficiency.",Parallel and Distributed Computing
"How do parallel computing systems handle fault tolerance and error recovery, and what are some common techniques used to ensure reliable operation.",Parallel and Distributed Computing
"What are the key challenges in designing and implementing parallel programs, including issues related to synchronization, communication, and data management.",Parallel and Distributed Computing
"Describe the concept of distributed shared memory in parallel computing, including the benefits and challenges of implementing such a system.",Parallel and Distributed Computing
"Explain the concept of Amdahl's Law and its implications for parallel computing, including how it can be used to predict the maximum theoretical speedup of a parallel system.",Parallel and Distributed Computing
Compare and contrast the advantages and disadvantages of using shared-memory versus message-passing architectures in parallel computing.,Parallel and Distributed Computing
"How do parallel computing systems handle data locality and memory hierarchy, and what are some common techniques used to optimize data access patterns.",Parallel and Distributed Computing
"What are the primary applications and use cases for parallel computing, including scientific simulations, data analytics, and machine learning.",Parallel and Distributed Computing
"Describe the concept of parallel I/O and its importance in high-performance computing, including techniques for optimizing parallel I/O operations.",Parallel and Distributed Computing
"Explain the concept of scalability in parallel computing, including the different types of scalability and how they can be achieved through various system design and programming techniques.",Parallel and Distributed Computing
"What are the key differences between parallel and distributed computing, including the underlying architectures, programming models, and application domains.",Parallel and Distributed Computing
"How do parallel computing systems handle processor affinity and scheduling, and what are some common techniques used to optimize processor utilization.",Parallel and Distributed Computing
"Describe the concept of a parallel file system and its importance in high-performance computing, including the design and implementation of parallel file systems.",Parallel and Distributed Computing
"Explain the concept of synchronization overhead in parallel computing, including the sources of overhead and techniques for reducing it.",Parallel and Distributed Computing
"What are the primary challenges in debugging and optimizing parallel programs, including issues related to concurrency, synchronization, and data management.",Parallel and Distributed Computing
"Compare and contrast the advantages and disadvantages of using parallel computing frameworks such as Hadoop and Spark, including their strengths, weaknesses, and use cases.",Parallel and Distributed Computing
"Describe the concept of energy efficiency in parallel computing, including techniques for reducing power consumption and optimizing energy efficiency in parallel systems.",Parallel and Distributed Computing
"Explain the concept of parallel computing in the context of cloud computing, including the benefits and challenges of using cloud-based parallel computing services.",Parallel and Distributed Computing
"What are the primary benefits of using parallel processing in computing, and how do they impact the overall performance of a system?",Parallel and Distributed Computing
Describe the main differences between symmetric and asymmetric multiprocessing architectures in the context of parallel computing.,Parallel and Distributed Computing
Explain the concept of data parallelism and how it can be applied to achieve parallelism in computations involving large datasets.,Parallel and Distributed Computing
"Compare and contrast the message-passing and shared-memory models of parallel computing, including their advantages and disadvantages.",Parallel and Distributed Computing
"How do parallel algorithms for solving systems of linear equations differ from their sequential counterparts, and what are the implications for computational complexity?",Parallel and Distributed Computing
"What is the purpose of synchronization in parallel computing, and what are some common techniques used to achieve it?",Parallel and Distributed Computing
Discuss the trade-offs between parallelism and locality in the context of parallel algorithm design for distributed memory architectures.,Parallel and Distributed Computing
"Describe the architecture of a typical cluster computing system, including the role of nodes, interconnects, and network protocols.",Parallel and Distributed Computing
"Explain the concept of load balancing in distributed systems, including strategies for static and dynamic load balancing.",Parallel and Distributed Computing
"What are the key challenges in designing parallel algorithms for graph-based problems, such as graph traversal and shortest path finding?",Parallel and Distributed Computing
Compare the performance characteristics of parallel computing models based on multi-core processors versus those using distributed computing clusters.,Parallel and Distributed Computing
"How do fault-tolerant mechanisms, such as checkpointing and replication, contribute to the reliability of parallel and distributed computing systems?",Parallel and Distributed Computing
"Explain the principles of parallelizing recursive algorithms, including techniques for avoiding redundant computations.",Parallel and Distributed Computing
What are the advantages and limitations of using parallel computing frameworks like MapReduce for data-intensive applications?,Parallel and Distributed Computing
"Discuss the impact of communication overhead on the scalability of parallel algorithms, including strategies for minimizing its effects.",Parallel and Distributed Computing
"Describe the role of parallel computing in enabling the solution of large-scale optimization problems, such as those arising in machine learning and logistics.",Parallel and Distributed Computing
"Explain the concept of parallel speedup and how it relates to the efficiency of parallel algorithms, including Amdahl's Law and Gustafson's Law.",Parallel and Distributed Computing
"What are the primary challenges in parallelizing legacy sequential code, and how can they be addressed using parallelization tools and techniques?",Parallel and Distributed Computing
"Compare and contrast the MPI and OpenMP parallel programming models, including their application domains and performance characteristics.",Parallel and Distributed Computing
How do parallel computing systems handle issues related to cache coherence and memory consistency in shared-memory architectures?,Parallel and Distributed Computing
"Explain the principles of distributed shared memory systems, including their architecture and protocols for maintaining consistency.",Parallel and Distributed Computing
"Describe the architecture and operation of a cloud computing platform, including its service models and deployment models.",Parallel and Distributed Computing
"What are the key considerations in designing parallel algorithms for real-time systems, including those with hard deadlines and limited resources?",Parallel and Distributed Computing
"Discuss the role of parallel computing in scientific simulations, including applications in physics, chemistry, and biology.",Parallel and Distributed Computing
"Explain the concept of scalability in parallel computing, including strong scaling, weak scaling, and their implications for large-scale computations.",Parallel and Distributed Computing
"What are the primary advantages of using a message-passing model in parallel computing, and how does it differ from a shared-memory model in terms of scalability and synchronization overhead.",Parallel and Distributed Computing
"Describe the concept of data parallelism and its application in parallel algorithms, including examples of how it can be used to speed up computations in scientific simulations and data analysis.",Parallel and Distributed Computing
"Explain the difference between a homogeneous and heterogeneous distributed system, and discuss the challenges of managing and coordinating computations in a heterogeneous environment.",Parallel and Distributed Computing
"How do parallel computing models such as PRAM and BSP differ in their assumptions about communication and synchronization costs, and what implications do these differences have for algorithm design and analysis.",Parallel and Distributed Computing
"What is the role of synchronization in parallel programming, and how can synchronization primitives such as locks and barriers be used to coordinate access to shared resources and avoid data races.",Parallel and Distributed Computing
"Discuss the trade-offs between using a centralized versus decentralized approach to scheduling and load balancing in a distributed system, including the impact on scalability, fault tolerance, and resource utilization.",Parallel and Distributed Computing
"Compare and contrast the characteristics of shared-memory and distributed-memory architectures, including their implications for parallel algorithm design, communication overhead, and memory management.",Parallel and Distributed Computing
"Explain the concept of parallel slowdown and its relationship to Amdahl's law, including how it can be used to predict the maximum achievable speedup of a parallel algorithm.",Parallel and Distributed Computing
"Describe the MapReduce programming model and its application in big data processing, including how it can be used to implement data-intensive parallel algorithms and scale up computations to large clusters.",Parallel and Distributed Computing
"How do parallel file systems such as HDFS and Ceph differ in their design and implementation, including their approaches to data striping, replication, and fault tolerance.",Parallel and Distributed Computing
"What are the key challenges in designing and implementing parallel algorithms for graph processing, including graph traversal, shortest paths, and clustering, and how can these challenges be addressed using techniques such as data partitioning and parallel graph traversal.",Parallel and Distributed Computing
"Explain the concept of speculative execution in parallel computing, including its application in parallelizing sequential code and its potential benefits and drawbacks in terms of performance and energy efficiency.",Parallel and Distributed Computing
"Discuss the role of fault tolerance in distributed systems, including techniques such as replication, checkpointing, and rollback recovery, and how these techniques can be used to ensure the reliability and availability of distributed applications.",Parallel and Distributed Computing
"Describe the architecture and operation of a GPU-based parallel computing system, including the role of CUDA and OpenCL in programming and optimizing GPU-accelerated applications.",Parallel and Distributed Computing
"How do parallel computing frameworks such as MPI and OpenMP differ in their programming models, including their approaches to communication, synchronization, and memory management.",Parallel and Distributed Computing
"Explain the concept of data locality and its importance in parallel computing, including techniques such as data blocking, caching, and prefetching that can be used to optimize data access patterns and reduce communication overhead.",Parallel and Distributed Computing
"What are the key challenges in designing and implementing parallel algorithms for machine learning and deep learning, including data parallelism, model parallelism, and pipelining, and how can these challenges be addressed using techniques such as distributed stochastic gradient descent.",Parallel and Distributed Computing
"Describe the concept of a parallel computing cluster, including its architecture, components, and management software, and discuss the benefits and challenges of using clusters for high-performance computing applications.",Parallel and Distributed Computing
"Explain the difference between a synchronous and asynchronous parallel programming model, including their implications for communication, synchronization, and fault tolerance, and discuss the trade-offs between these models in terms of performance, productivity, and scalability.",Parallel and Distributed Computing
"Discuss the role of energy efficiency in parallel and distributed computing, including techniques such as dynamic voltage and frequency scaling, power gating, and energy-aware scheduling, and how these techniques can be used to reduce the energy consumption of parallel applications.",Parallel and Distributed Computing
"How do parallel computing models such as dataflow and actor-based computing differ in their assumptions about computation and communication, and what implications do these differences have for parallel algorithm design and implementation.",Parallel and Distributed Computing
"Explain the concept of parallelism in database systems, including techniques such as parallel query execution, data partitioning, and indexing, and discuss the benefits and challenges of using parallelism to speed up database queries.",Parallel and Distributed Computing
"Describe the architecture and operation of a cloud-based parallel computing system, including the role of virtualization, containerization, and orchestration in deploying and managing parallel applications in the cloud.",Parallel and Distributed Computing
"What are the key challenges in designing and implementing parallel algorithms for computational fluid dynamics, including mesh generation, numerical discretization, and solver parallelization, and how can these challenges be addressed using techniques such as domain decomposition and parallel linear algebra.",Parallel and Distributed Computing
"Explain the concept of a parallel file system, including its architecture, components, and optimization techniques, and discuss the benefits and challenges of using parallel file systems to store and manage large datasets in high-performance computing applications.",Parallel and Distributed Computing
What is the time complexity of Dijkstra's algorithm when implemented using a binary heap data structure to find the shortest path in a graph with n vertices and m edges.,Graph Algorithms
Describe the difference between a depth-first search and a breadth-first search in the context of graph traversal algorithms.,Graph Algorithms
Explain how to implement topological sorting using a depth-first search algorithm on a directed acyclic graph.,Graph Algorithms
"Given a graph with negative weight edges, how does the Bellman-Ford algorithm handle the possibility of negative weight cycles.",Graph Algorithms
Compare and contrast the Floyd-Warshall algorithm and the Bellman-Ford algorithm for finding the shortest path in a weighted graph.,Graph Algorithms
"How does the Kruskal's algorithm work to find the minimum spanning tree of a graph, and what is its time complexity.",Graph Algorithms
Describe the steps involved in implementing the Ford-Fulkerson method to find the maximum flow in a flow network.,Graph Algorithms
What is the purpose of the augmenting path in the context of the Ford-Fulkerson method for finding the maximum flow in a flow network.,Graph Algorithms
Explain the concept of strongly connected components in a directed graph and how to find them using Kosaraju's algorithm.,Graph Algorithms
"Given a graph with n vertices, describe how to find the biconnected components using depth-first search and low values.",Graph Algorithms
Compare the time complexity of Dijkstra's algorithm and Bellman-Ford algorithm for finding the shortest path in a graph with non-negative weight edges.,Graph Algorithms
How does the A* search algorithm modify Dijkstra's algorithm to find the shortest path in a weighted graph with heuristic estimates.,Graph Algorithms
Describe the steps involved in implementing the Prim's algorithm to find the minimum spanning tree of a graph.,Graph Algorithms
What is the time complexity of the Floyd-Warshall algorithm for finding the shortest path in a weighted graph with n vertices.,Graph Algorithms
Explain how to detect a cycle in a directed graph using a depth-first search algorithm.,Graph Algorithms
"Given a graph with n vertices and m edges, describe how to find the shortest path using the Yen's k-Shortest Paths algorithm.",Graph Algorithms
Compare and contrast the minimum spanning tree and the shortest path tree in the context of graph algorithms.,Graph Algorithms
Describe the concept of a minimum cut in a flow network and how to find it using the Ford-Fulkerson method.,Graph Algorithms
Explain how to find the maximum bipartite matching in a bipartite graph using the Hopcroft-Karp algorithm.,Graph Algorithms
"Given a graph with n vertices, describe how to find the diameter of the graph using the Floyd-Warshall algorithm.",Graph Algorithms
"How does the Tarjan's algorithm work to find the strongly connected components in a directed graph, and what is its time complexity.",Graph Algorithms
Explain the concept of a spanning tree in a graph and describe how to find it using the Kruskal's algorithm.,Graph Algorithms
Describe the steps involved in implementing the Edmonds-Karp algorithm to find the maximum flow in a flow network.,Graph Algorithms
"Given a graph with n vertices and m edges, describe how to find the minimum spanning tree using the Boruvka's algorithm.",Graph Algorithms
Explain how to detect whether a graph is planar or not using the Kuratowski's theorem.,Graph Algorithms
"Given a weighted graph, describe an algorithm to find the minimum spanning tree using Kruskal's algorithm and analyze its time complexity.",Graph Algorithms
Explain the concept of a strongly connected component in a directed graph and describe an algorithm to find all strongly connected components using Kosaraju's algorithm.,Graph Algorithms
"Describe the difference between a depth-first search and a breadth-first search in a graph, and explain when to use each.",Graph Algorithms
Prove that Dijkstra's algorithm produces the correct shortest path in a weighted graph with non-negative edge weights.,Graph Algorithms
Describe an algorithm to find the maximum flow in a flow network using the Ford-Fulkerson method with the Edmonds-Karp implementation.,Graph Algorithms
What is the time complexity of Bellman-Ford algorithm for finding the shortest path from a source vertex to all other vertices in a weighted graph.,Graph Algorithms
"Given a graph, describe an algorithm to find the minimum vertex cover using a greedy approach.",Graph Algorithms
Describe the concept of a topological sort in a directed acyclic graph and explain how to perform a topological sort using a depth-first search.,Graph Algorithms
Explain the concept of a biconnected component in an undirected graph and describe an algorithm to find all biconnected components.,Graph Algorithms
"Given a weighted graph, describe an algorithm to find the shortest path from a source vertex to all other vertices using Floyd-Warshall algorithm.",Graph Algorithms
Describe an algorithm to find the minimum cut in a flow network using the Stoer-Wagner algorithm.,Graph Algorithms
Explain the concept of a spanning tree in a connected graph and describe an algorithm to find a spanning tree using Prim's algorithm.,Graph Algorithms
"Describe the difference between a simple path and a cycle in a graph, and explain how to detect whether a graph contains a cycle.",Graph Algorithms
"Given a directed graph, describe an algorithm to find the transitive closure using the Floyd-Warshall algorithm.",Graph Algorithms
Describe an algorithm to find the maximum bipartite matching in a bipartite graph using the Hopcroft-Karp algorithm.,Graph Algorithms
Explain the concept of a minimum cut in a flow network and describe an algorithm to find the minimum cut using the Ford-Fulkerson method.,Graph Algorithms
Describe an algorithm to find the minimum Steiner tree in a weighted graph.,Graph Algorithms
"Given a graph, describe an algorithm to find the maximum clique using a brute force approach.",Graph Algorithms
Explain the concept of a strongly connected component in a directed graph and describe an algorithm to find the largest strongly connected component.,Graph Algorithms
Describe an algorithm to find the shortest path from a source vertex to all other vertices in a weighted graph with negative weight edges using the Bellman-Ford algorithm.,Graph Algorithms
"Given a weighted graph, describe an algorithm to find the minimum spanning tree using Boruvka's algorithm.",Graph Algorithms
Describe the time complexity of the Floyd-Warshall algorithm for finding the shortest path between all pairs of vertices in a weighted graph.,Graph Algorithms
Explain the concept of a minimum vertex cover in a graph and describe an algorithm to find the minimum vertex cover using a greedy approach.,Graph Algorithms
Describe an algorithm to find the maximum flow in a flow network with multiple source and sink vertices.,Graph Algorithms
Describe the concept of a biconnected component in an undirected graph and explain how to find all biconnected components using a depth-first search.,Graph Algorithms
What is the time complexity of Dijkstra's algorithm when implemented using a binary heap to find the shortest path in a graph with n vertices and m edges.,Graph Algorithms
"Given a weighted graph with negative weight edges, describe how the Bellman-Ford algorithm can be used to detect negative weight cycles.",Graph Algorithms
Explain the difference between a depth-first search and a breadth-first search in the context of graph traversal algorithms.,Graph Algorithms
"Suppose we have a graph with n vertices and m edges, and we want to find the minimum spanning tree using Kruskal's algorithm, how would we proceed.",Graph Algorithms
"In a graph with n vertices, what is the maximum number of edges that can be present such that the graph remains a tree.",Graph Algorithms
Describe the algorithm for finding strongly connected components in a directed graph using Kosaraju's algorithm.,Graph Algorithms
"Given a graph with n vertices and m edges, how would you implement Tarjan's algorithm to find the strongly connected components.",Graph Algorithms
What is the purpose of the low-link value in Tarjan's algorithm for finding strongly connected components in a graph.,Graph Algorithms
"In a weighted graph, how would you use the Floyd-Warshall algorithm to find the shortest path between all pairs of vertices.",Graph Algorithms
Explain the concept of a topological sort in a directed acyclic graph and provide an algorithm for performing it.,Graph Algorithms
"Suppose we have a graph with n vertices and m edges, and we want to find the maximum flow using the Ford-Fulkerson method, how would we proceed.",Graph Algorithms
Describe the difference between a minimum spanning tree and a shortest path tree in a weighted graph.,Graph Algorithms
"Given a graph with n vertices and m edges, how would you use the A* algorithm to find the shortest path between two vertices.",Graph Algorithms
Explain the concept of a minimum cut in a flow network and describe an algorithm for finding it.,Graph Algorithms
"In a graph with n vertices, what is the minimum number of edges required to make the graph connected.",Graph Algorithms
"Suppose we have a graph with n vertices and m edges, and we want to find the minimum vertex cover using a greedy algorithm, how would we proceed.",Graph Algorithms
Describe the algorithm for finding the maximum bipartite matching in a graph using the Hopcroft-Karp algorithm.,Graph Algorithms
"Given a graph with n vertices and m edges, how would you use the Hungarian algorithm to find the maximum weighted bipartite matching.",Graph Algorithms
Explain the concept of a network flow and describe an algorithm for finding the maximum flow in a flow network.,Graph Algorithms
"In a weighted graph, how would you use the Johnson's algorithm to find the shortest path between all pairs of vertices.",Graph Algorithms
"Suppose we have a graph with n vertices and m edges, and we want to find the chromatic number using a backtracking algorithm, how would we proceed.",Graph Algorithms
Describe the algorithm for finding the maximum independent set in a graph using a greedy algorithm.,Graph Algorithms
"Given a graph with n vertices and m edges, how would you use the Bron-Kerbosch algorithm to find the maximum clique.",Graph Algorithms
Explain the concept of a graph isomorphism and describe an algorithm for checking if two graphs are isomorphic.,Graph Algorithms
"In a graph with n vertices, what is the maximum number of vertices that can be colored with the same color such that the graph remains properly colored.",Graph Algorithms
"Suppose we have a graph with n vertices and m edges, and we want to find the minimum dominating set using a greedy algorithm, how would we proceed.",Graph Algorithms
"Given a weighted graph, describe an algorithm to find the minimum spanning tree using Kruskal's algorithm and analyze its time complexity.",Graph Algorithms
"Explain how Dijkstra's algorithm can be used to find the shortest path between two nodes in a graph, and discuss the trade-offs between using a binary heap and a Fibonacci heap as the priority queue.",Graph Algorithms
"Describe the steps involved in implementing the Bellman-Ford algorithm to detect negative-weight cycles in a graph, and explain how it can handle negative-weight edges.",Graph Algorithms
"Suppose we have a graph with non-negative edge weights, and we want to find the shortest path from a source node to all other nodes, describe how the topological sort can be used in conjunction with dynamic programming to achieve this.",Graph Algorithms
"In a graph with positive edge weights, explain how to use the Floyd-Warshall algorithm to find the shortest path between all pairs of nodes, and discuss its time and space complexity.",Graph Algorithms
"Given an undirected graph, describe an algorithm to find the maximum flow using the Ford-Fulkerson method with the Edmonds-Karp implementation.",Graph Algorithms
"Explain the concept of strongly connected components in a directed graph, and describe an algorithm to find them using Kosaraju's algorithm.",Graph Algorithms
"Suppose we have a directed acyclic graph (DAG) and we want to find the longest path from a source node to all other nodes, describe how to use dynamic programming to achieve this.",Graph Algorithms
"Describe the steps involved in implementing the A* algorithm to find the shortest path between two nodes in a weighted graph, and explain how the heuristic function affects the algorithm's performance.",Graph Algorithms
"In a graph with positive edge weights, explain how to use the Yen's k-Shortest Paths algorithm to find the k shortest paths between two nodes.",Graph Algorithms
"Given a bipartite graph, describe an algorithm to find the maximum matching using the Hopcroft-Karp algorithm.",Graph Algorithms
"Explain the concept of minimum vertex cover in a graph, and describe an algorithm to approximate the minimum vertex cover using a greedy approach.",Graph Algorithms
"Suppose we have a graph with non-negative edge weights, and we want to find the shortest path from a source node to all other nodes, describe how to use the Uniform-Cost Search algorithm to achieve this.",Graph Algorithms
Describe the steps involved in implementing the Bron-Kerbosch algorithm to find all maximal cliques in a graph.,Graph Algorithms
"In a graph with positive edge weights, explain how to use the Johnson's algorithm to find the shortest path between all pairs of nodes, and discuss its time and space complexity.",Graph Algorithms
"Given a directed graph, describe an algorithm to find the transitive closure using the Floyd-Warshall algorithm.",Graph Algorithms
"Explain the concept of graph isomorphism, and describe an algorithm to determine if two graphs are isomorphic using the VF2 algorithm.",Graph Algorithms
"Suppose we have a graph with non-negative edge weights, and we want to find the shortest path from a source node to all other nodes, describe how to use the Bidirectional Dijkstra's algorithm to achieve this.",Graph Algorithms
Describe the steps involved in implementing the Boruvka's algorithm to find the minimum spanning tree of a graph.,Graph Algorithms
"In a graph with positive edge weights, explain how to use the Suurballe's algorithm to find the k shortest paths between two nodes.",Graph Algorithms
"Given an undirected graph, describe an algorithm to find the maximum independent set using a greedy approach.",Graph Algorithms
"Explain the concept of graph connectivity, and describe an algorithm to determine if a graph is k-connected using the vertex connectivity algorithm.",Graph Algorithms
"Suppose we have a graph with non-negative edge weights, and we want to find the shortest path from a source node to all other nodes, describe how to use the delta-stepping algorithm to achieve this.",Graph Algorithms
Describe the steps involved in implementing the Gabow's algorithm to find the maximum flow in a flow network.,Graph Algorithms
"Explain the concept of minimum cut in a flow network, and describe an algorithm to find the minimum cut using the Stoer-Wagner algorithm.",Graph Algorithms
"What are the primary functions of a compiler, and how do they interact with each other to produce machine code from high-level source code.",Compiler Construction
"Describe the difference between a compiler and an interpreter, including the advantages and disadvantages of each approach to program execution.",Compiler Construction
"Explain the concept of lexical analysis in compiler construction, including the role of tokens, patterns, and lexemes in the process.",Compiler Construction
"Discuss the importance of syntax analysis in compiler construction, including the use of parsing techniques such as top-down and bottom-up parsing.",Compiler Construction
"What is the role of semantic analysis in compiler construction, and how does it interact with syntax analysis to produce a meaningful representation of the source code.",Compiler Construction
"Compare and contrast the different types of parsing algorithms, including recursive descent, shunting-yard, and LR parsing.",Compiler Construction
"Describe the process of syntax-directed translation, including the use of parse trees and attribute grammars to produce a translated representation of the source code.",Compiler Construction
"Explain the concept of intermediate code generation in compiler construction, including the use of three-address code and bytecode.",Compiler Construction
"Discuss the importance of optimization in compiler construction, including the different types of optimization techniques such as peephole optimization and register allocation.",Compiler Construction
"What is the role of code generation in compiler construction, and how does it interact with the other phases of the compiler to produce machine code.",Compiler Construction
"Describe the process of register allocation in compiler construction, including the use of graph coloring and linear scan algorithms.",Compiler Construction
"Explain the concept of instruction selection in compiler construction, including the use of tree-pattern matching and dynamic programming.",Compiler Construction
"Discuss the importance of code emission in compiler construction, including the use of assembly code generators and object code generators.",Compiler Construction
"What is the role of symbol table management in compiler construction, and how does it interact with the other phases of the compiler to manage the scope and binding of variables.",Compiler Construction
"Describe the process of error handling in compiler construction, including the use of error messages and recovery techniques.",Compiler Construction
"Explain the concept of compiler design patterns, including the use of visitor patterns and abstract syntax trees.",Compiler Construction
"Discuss the importance of compiler testing and validation, including the use of test suites and coverage analysis.",Compiler Construction
"What is the role of compiler construction tools, such as lexer and parser generators, in the development of compilers.",Compiler Construction
"Describe the process of just-in-time compilation, including the use of dynamic recompilation and caching.",Compiler Construction
"Explain the concept of ahead-of-time compilation, including the use of static compilation and linking.",Compiler Construction
"Discuss the importance of compiler optimizations for parallel and concurrent programming, including the use of thread-level parallelism and data parallelism.",Compiler Construction
"What is the role of compiler construction in embedded systems, including the use of cross-compilation and code optimization for resource-constrained devices.",Compiler Construction
"Describe the process of compiler construction for functional programming languages, including the use of lambda calculus and type inference.",Compiler Construction
"Explain the concept of compiler construction for object-oriented programming languages, including the use of class hierarchies and inheritance.",Compiler Construction
"What are the primary functions of a compiler, and how do they contribute to the overall process of translating source code into machine code?",Compiler Construction
"Describe the difference between a compiler and an interpreter, including the advantages and disadvantages of each approach.",Compiler Construction
"Explain the role of lexical analysis in the compilation process, including the techniques used to tokenize the source code.",Compiler Construction
"How does the syntax analyzer determine the syntactic structure of the source code, and what data structures are used to represent this structure?",Compiler Construction
"What is the purpose of semantic analysis in the compilation process, and how does it interact with the syntax analyzer?",Compiler Construction
"Describe the process of generating intermediate code, including the types of intermediate representations that can be used.",Compiler Construction
Explain the concept of symbol tables and how they are used to manage the symbols and their attributes in the source code.,Compiler Construction
"What are the different types of parsing algorithms, and how do they differ in terms of their complexity and applicability?",Compiler Construction
"How does the compiler handle errors and exceptions during the compilation process, including the types of error messages that can be generated?",Compiler Construction
"Describe the process of optimizing the generated machine code, including the techniques used to improve the performance and efficiency of the code.",Compiler Construction
Explain the concept of register allocation and how it is used to manage the registers in the target machine.,Compiler Construction
"What are the different types of code generation algorithms, and how do they differ in terms of their output and complexity?",Compiler Construction
"Describe the role of the runtime environment in supporting the execution of the compiled code, including the services and resources that are provided.",Compiler Construction
Explain the concept of just-in-time compilation and how it differs from traditional compilation approaches.,Compiler Construction
"How does the compiler handle object-oriented programming constructs, including classes, inheritance, and polymorphism?",Compiler Construction
"Describe the process of compiling functional programming languages, including the techniques used to optimize the generated code.",Compiler Construction
"What are the challenges and limitations of compiling concurrent programming languages, and how can they be addressed?",Compiler Construction
Explain the concept of static single assignment form and how it is used to optimize the generated code.,Compiler Construction
"Describe the process of compiling code for embedded systems, including the constraints and challenges that must be addressed.",Compiler Construction
"How does the compiler handle parallelism and concurrency in the source code, including the techniques used to optimize the generated code?",Compiler Construction
Explain the concept of link-time optimization and how it is used to improve the performance of the compiled code.,Compiler Construction
"Describe the process of compiling code for distributed systems, including the challenges and limitations that must be addressed.",Compiler Construction
"What are the different types of compiler optimizations, and how do they differ in terms of their goals and techniques?",Compiler Construction
Explain the concept of compiler retargetability and how it is used to support the compilation of code for different target machines.,Compiler Construction
"Describe the process of compiling code for real-time systems, including the constraints and challenges that must be addressed.",Compiler Construction
"What are the primary functions of a compiler, and how do they contribute to the overall translation process of source code into machine code.",Compiler Construction
"Describe the difference between a top-down and bottom-up approach to parsing in the context of compiler construction, including their respective advantages and disadvantages.",Compiler Construction
"Explain the role of lexical analysis in the compilation process, including the stages involved in breaking down the source code into a series of tokens.",Compiler Construction
"Discuss the concept of context-free grammars and their application in specifying the syntax of programming languages, including how they are used to construct parse trees.",Compiler Construction
"How does a compiler handle errors that occur during the compilation process, including syntax errors, semantic errors, and lexical errors, and what techniques are used to report and recover from these errors.",Compiler Construction
"What is the purpose of semantic analysis in compiler construction, and how does it contribute to the overall compilation process, including type checking, scoping, and symbol table management.",Compiler Construction
"Compare and contrast the different approaches to intermediate code generation, including three-address code, stack-based code, and bytecode, and discuss their relative advantages and disadvantages.",Compiler Construction
"Describe the process of syntax-directed translation, including how it is used to generate intermediate code from a parse tree, and discuss the role of attribute grammars in this process.",Compiler Construction
"Explain the concept of register allocation and how it is used to optimize the performance of generated machine code, including the different algorithms and techniques used to allocate registers.",Compiler Construction
"Discuss the role of code optimization in compiler construction, including the different techniques used to improve the performance and efficiency of generated machine code, such as constant folding and dead code elimination.",Compiler Construction
"What are the key differences between a compiler and an interpreter, including how they approach the translation and execution of source code, and what are the relative advantages and disadvantages of each approach.",Compiler Construction
"Describe the process of code generation, including how the compiler translates intermediate code into machine code, and discuss the role of peephole optimization in this process.",Compiler Construction
"Explain the concept of symbol table management and how it is used to keep track of declared variables, functions, and labels in the source code, including how it contributes to the overall compilation process.",Compiler Construction
"Discuss the role of runtime environments in supporting the execution of compiled code, including how they provide services such as memory management and input/output operations.",Compiler Construction
"Compare and contrast the different parsing algorithms used in compiler construction, including recursive descent parsing, top-down parsing, and bottom-up parsing, and discuss their relative advantages and disadvantages.",Compiler Construction
"How does a compiler handle the translation of high-level control structures, such as loops and conditional statements, into low-level machine code, including the use of jumps and labels.",Compiler Construction
"Explain the concept of data flow analysis and how it is used to optimize the performance of generated machine code, including the different techniques used to analyze and optimize data flow.",Compiler Construction
"Describe the process of lexical error handling, including how the compiler recovers from lexical errors and continues the compilation process, and discuss the role of error tokens in this process.",Compiler Construction
"Discuss the role of abstract syntax trees in compiler construction, including how they represent the source code and facilitate the translation process, and how they are used to generate intermediate code.",Compiler Construction
"What are the key challenges in designing and implementing a compiler for a object-oriented programming language, including how to handle features such as inheritance and polymorphism.",Compiler Construction
"Explain the concept of instruction selection and how it is used to generate efficient machine code from intermediate code, including the different techniques used to select instructions and optimize instruction selection.",Compiler Construction
"Describe the process of global optimization, including how the compiler analyzes and optimizes the entire program, and discuss the role of control flow graphs in this process.",Compiler Construction
"Discuss the role of profiling in compiler construction, including how it is used to gather information about the execution of the program and optimize performance, and how it contributes to the overall compilation process.",Compiler Construction
"Explain the concept of just-in-time compilation and how it is used to improve the performance of interpreted languages, including how it combines the benefits of compilation and interpretation.",Compiler Construction
"What are the primary tasks performed by the lexical analysis phase of a compiler, and how do they contribute to the overall compilation process.",Compiler Construction
"Describe the difference between a top-down and bottom-up parsing approach in the context of syntax analysis, including their relative advantages and disadvantages.",Compiler Construction
"Explain the concept of a parse tree and how it is constructed during the syntax analysis phase of compilation, including its role in representing the syntactic structure of the source code.",Compiler Construction
"Compare and contrast the recursive descent and table-driven approaches to parsing, including their implementation details and trade-offs.",Compiler Construction
"Discuss the role of semantic actions in the parsing process, including how they are used to perform tasks such as type checking and symbol table management.",Compiler Construction
"What is the purpose of the symbol table in a compiler, and how is it used to manage information about variables, functions, and other program entities.",Compiler Construction
"Describe the process of intermediate code generation, including the types of intermediate representations that can be used and the benefits of using an intermediate form.",Compiler Construction
"Explain the concept of register allocation and how it is performed during the code generation phase of compilation, including the different allocation strategies that can be used.",Compiler Construction
"Discuss the trade-offs between static and dynamic type checking, including the advantages and disadvantages of each approach and how they are implemented in a compiler.",Compiler Construction
"What is the purpose of the code optimization phase of compilation, and what types of optimizations can be performed to improve the efficiency of the generated code.",Compiler Construction
"Describe the difference between a one-pass and multi-pass compiler, including the advantages and disadvantages of each approach and the types of optimizations that can be performed in each case.",Compiler Construction
Explain the concept of data flow analysis and how it is used to perform optimizations such as constant folding and dead code elimination.,Compiler Construction
"Compare and contrast the different code generation strategies that can be used to implement control flow statements, including the use of jumps, labels, and conditional instructions.",Compiler Construction
"Discuss the role of the runtime environment in supporting the execution of compiled code, including the services it provides and how it interacts with the operating system.",Compiler Construction
"What is the purpose of the linker, and how does it resolve external references between object files to produce an executable program.",Compiler Construction
"Explain the concept of a loader, including its role in relocating and loading object files into memory, and how it interacts with the operating system.",Compiler Construction
"Describe the process of code generation for array and record data types, including the use of pointers and indexing to access elements.",Compiler Construction
"Discuss the trade-offs between interpretation and compilation as approaches to language implementation, including the advantages and disadvantages of each approach and the types of languages that are best suited to each.",Compiler Construction
"Explain the concept of just-in-time compilation and how it is used to improve the performance of interpreted languages, including the techniques used to optimize the generated code.",Compiler Construction
"What is the purpose of the garbage collector, and how does it interact with the compiler and runtime environment to manage memory allocation and deallocation.",Compiler Construction
"Compare and contrast the different strategies that can be used to implement function calls and returns, including the use of stacks, registers, and parameter passing conventions.",Compiler Construction
"Describe the process of compiling object-oriented programming languages, including the implementation of features such as inheritance, polymorphism, and encapsulation.",Compiler Construction
Explain the concept of compile-time evaluation and how it is used to perform tasks such as constant folding and conditional compilation.,Compiler Construction
"Discuss the role of the preprocessor in the compilation process, including its use in expanding macros, including header files, and performing conditional compilation.",Compiler Construction
"What is the purpose of the compiler's error handling mechanism, and how does it interact with the lexical analyzer, parser, and other phases of the compiler to report and recover from errors.",Compiler Construction
What is the primary difference between a deterministic finite automaton and a nondeterministic finite automaton in terms of their transition functions.,Theory of Automata
Describe the process of converting a regular expression to a finite automaton using Thompson's construction.,Theory of Automata
Explain the concept of pumping lemma for regular languages and provide an example to illustrate its application.,Theory of Automata
Prove that the language of all strings of 0s and 1s with an equal number of 0s and 1s is not regular.,Theory of Automata
"Show that the language of all strings over the alphabet {0, 1} that have a 1 in the middle is regular by constructing a finite automaton that recognizes it.",Theory of Automata
What is the role of the start state in a pushdown automaton and how does it differ from the start state in a finite automaton.,Theory of Automata
Prove that every context-free language can be recognized by a pushdown automaton.,Theory of Automata
Describe the difference between a pushdown automaton and a counter automaton in terms of their ability to recognize languages.,Theory of Automata
Explain the concept of a context-free grammar and provide an example of a grammar that generates the language of all strings of balanced parentheses.,Theory of Automata
"Show that the language of all strings over the alphabet {0, 1} that have a majority of 1s is not context-free.",Theory of Automata
Prove that the language of all strings of 0s and 1s that have an equal number of 0s and 1s is context-free by constructing a pushdown automaton that recognizes it.,Theory of Automata
What is the purpose of the stack in a pushdown automaton and how is it used to recognize context-free languages.,Theory of Automata
Explain the concept of a Turing machine and describe its basic components.,Theory of Automata
Prove that every recursively enumerable language can be recognized by a Turing machine.,Theory of Automata
Describe the difference between a deterministic Turing machine and a nondeterministic Turing machine in terms of their ability to recognize languages.,Theory of Automata
"Show that the language of all strings over the alphabet {0, 1} that are palindromes is recognizable by a Turing machine.",Theory of Automata
Explain the concept of the halting problem and its significance in the theory of computation.,Theory of Automata
Prove that the language of all strings of 0s and 1s that represent the binary encoding of a prime number is not decidable.,Theory of Automata
Describe the concept of a reduction in the context of Turing machines and explain its importance in proving undecidability results.,Theory of Automata
What is the relationship between the language recognized by a Turing machine and the language generated by a grammar.,Theory of Automata
Explain the concept of a universal Turing machine and describe its significance in the theory of computation.,Theory of Automata
"Show that the language of all strings over the alphabet {0, 1} that have a 1 in the first position is decidable.",Theory of Automata
Prove that the language of all strings of 0s and 1s that have a majority of 1s is decidable by constructing a Turing machine that recognizes it.,Theory of Automata
Describe the concept of a multitape Turing machine and explain its relationship to the standard single-tape Turing machine model.,Theory of Automata
"What is the main difference between a deterministic finite automaton and a nondeterministic finite automaton, and how does this difference affect their respective acceptance of regular languages.",Theory of Automata
"Describe the process of converting a regular expression into an equivalent nondeterministic finite automaton, including the role of epsilon transitions.",Theory of Automata
"Explain the concept of a pumping lemma for regular languages, and provide an example of how it can be used to show that a given language is not regular.",Theory of Automata
Prove that the language consisting of all strings of binary digits with an equal number of 0s and 1s is not regular by using the pumping lemma.,Theory of Automata
"Compare and contrast the expressive power of finite automata and pushdown automata, including examples of languages that can be recognized by each type of automaton.",Theory of Automata
Show that the language of all strings of binary digits with a prime number of 1s is not regular by using the Myhill-Nerode theorem.,Theory of Automata
"Define the concept of a minimal finite automaton, and describe an algorithm for minimizing a given finite automaton.",Theory of Automata
"What is the relationship between the number of states in a finite automaton and the number of strings it can recognize, and how does this relationship impact the design of efficient automata.",Theory of Automata
"Describe the process of converting a nondeterministic finite automaton into an equivalent deterministic finite automaton, including the role of the powerset construction.",Theory of Automata
"Explain the concept of a context-free grammar, and provide an example of a context-free grammar that generates a language that is not regular.",Theory of Automata
Prove that the language consisting of all strings of binary digits with a number of 1s that is a multiple of 3 is regular by constructing a finite automaton that recognizes it.,Theory of Automata
"Compare and contrast the concepts of a recognizable language and a decidable language, including examples of languages that are recognizable but not decidable.",Theory of Automata
Show that the language of all strings of binary digits with an odd number of 1s is regular by constructing a finite automaton that recognizes it.,Theory of Automata
"Define the concept of a regular language, and describe the three main ways in which regular languages can be specified, including regular expressions, finite automata, and language equations.",Theory of Automata
"Explain the concept of the Chomsky hierarchy, and describe the relationships between the different levels of the hierarchy, including examples of languages that belong to each level.",Theory of Automata
"Describe the process of converting a context-free grammar into an equivalent pushdown automaton, including the role of the stack in recognizing the language generated by the grammar.",Theory of Automata
Prove that the language consisting of all strings of binary digits with a number of 0s that is greater than the number of 1s is not regular by using the pumping lemma.,Theory of Automata
"Compare and contrast the concepts of a deterministic pushdown automaton and a nondeterministic pushdown automaton, including examples of languages that can be recognized by each type of automaton.",Theory of Automata
"Explain the concept of a Turing machine, and describe the basic components of a Turing machine, including the tape, head, and state.",Theory of Automata
Show that the language of all strings of binary digits with a number of 1s that is a power of 2 is not regular by using the Myhill-Nerode theorem.,Theory of Automata
"Define the concept of a decidable language, and describe the relationship between decidable languages and Turing machines, including examples of languages that are decidable and undecidable.",Theory of Automata
"Describe the process of converting a Turing machine into an equivalent pushdown automaton, including the role of the stack in simulating the tape of the Turing machine.",Theory of Automata
Prove that the language consisting of all strings of binary digits with a prime number of 0s is not regular by using the pumping lemma.,Theory of Automata
"Explain the concept of the halting problem, and describe the relationship between the halting problem and the concept of an undecidable language, including examples of languages that are undecidable due to the halting problem.",Theory of Automata
"What is the difference between a deterministic finite automaton and a nondeterministic finite automaton, and how do their acceptance conditions vary.",Theory of Automata
"Explain the concept of a regular language and provide an example of a language that is not regular, along with a proof of its non-regularity using the pumping lemma.",Theory of Automata
"Describe the process of converting a regular expression to a finite automaton, and discuss the trade-offs between the two representations.",Theory of Automata
"Prove that the language of all strings of 0s and 1s with an equal number of 0s and 1s is not regular, using the pumping lemma.",Theory of Automata
"What is the purpose of the start state in a pushdown automaton, and how does it relate to the acceptance of strings by the automaton.",Theory of Automata
"Compare and contrast the power of finite automata and pushdown automata, including examples of languages that can be recognized by one but not the other.",Theory of Automata
"Show that the language of all strings of 0s and 1s with a prime number of 1s is not regular, using the Myhill-Nerode theorem.",Theory of Automata
Explain the concept of a context-free grammar and provide an example of a language that can be generated by such a grammar but not recognized by a finite automaton.,Theory of Automata
Describe the relationship between the language accepted by a pushdown automaton and the language generated by a context-free grammar.,Theory of Automata
"Prove that the language of all strings of 0s and 1s with a binary representation that is a power of 2 is regular, and provide a regular expression for this language.",Theory of Automata
"What is the role of the stack in a pushdown automaton, and how does it contribute to the recognition of context-free languages.",Theory of Automata
Explain the concept of a Turing machine and describe how it can be used to recognize languages that are not context-free.,Theory of Automata
"Provide an example of a language that is recognizable by a Turing machine but not by a pushdown automaton, and explain why this is the case.",Theory of Automata
"Show that the language of all strings of 0s and 1s with a number of 1s that is a multiple of 3 is regular, using a finite automaton to recognize this language.",Theory of Automata
"Describe the process of minimizing a finite automaton, and explain why this is useful in practice.",Theory of Automata
Explain the concept of a regular language and its relationship to the class of languages recognized by finite automata.,Theory of Automata
"Compare and contrast the power of deterministic and nondeterministic Turing machines, including examples of languages that can be recognized by one but not the other.",Theory of Automata
"Prove that the language of all strings of 0s and 1s with an odd number of 1s is regular, using a regular expression to describe this language.",Theory of Automata
"What is the purpose of the accept state in a finite automaton, and how does it relate to the recognition of strings by the automaton.",Theory of Automata
"Show that the language of all strings of 0s and 1s that do not contain the substring 01 is regular, using a finite automaton to recognize this language.",Theory of Automata
Explain the concept of the pumping lemma and how it can be used to prove that a language is not regular.,Theory of Automata
Describe the relationship between the language accepted by a finite automaton and the language generated by a regular grammar.,Theory of Automata
"Provide an example of a language that is recognizable by a finite automaton but not by a deterministic finite automaton, and explain why this is the case.",Theory of Automata
Explain the concept of a context-sensitive language and its relationship to the class of languages recognized by linear bounded automata.,Theory of Automata
"What is the significance of the pumping lemma in the context of regular languages, and how is it used to prove that a given language is not regular.",Theory of Automata
"Describe the differences between a deterministic finite automaton and a nondeterministic finite automaton, and provide an example of a language that can be recognized by a nondeterministic finite automaton but not by a deterministic finite automaton.",Theory of Automata
"Explain the concept of equivalence of finite automata, and describe an algorithm for determining whether two finite automata are equivalent.",Theory of Automata
Prove that the language of all strings of binary digits that contain an equal number of 0s and 1s is not regular.,Theory of Automata
Show that the language of all strings of lowercase letters that end with the same letter with which they begin is regular.,Theory of Automata
"What is the purpose of the minimization algorithm for finite automata, and how does it work.",Theory of Automata
Design a deterministic finite automaton that recognizes the language of all strings of binary digits that contain at least three consecutive 1s.,Theory of Automata
"Explain the relationship between regular languages and context-free languages, and provide an example of a language that is context-free but not regular.",Theory of Automata
"Describe the concept of a pushdown automaton, and explain how it can be used to recognize context-free languages.",Theory of Automata
Prove that the language of all strings of binary digits that represent prime numbers in binary is not regular.,Theory of Automata
"Design a nondeterministic finite automaton that recognizes the language of all strings of lowercase letters that contain the substring ""abc"".",Theory of Automata
"Explain the concept of a grammar, and describe the different types of grammars, including regular grammars, context-free grammars, and unrestricted grammars.",Theory of Automata
Show that the language of all strings of binary digits that contain an odd number of 1s is regular.,Theory of Automata
"What is the significance of the Myhill-Nerode theorem in the context of regular languages, and how is it used to characterize regular languages.",Theory of Automata
Describe an algorithm for converting a regular expression into a finite automaton.,Theory of Automata
"Explain the concept of ambiguity in context-free grammars, and describe a method for eliminating ambiguity from a context-free grammar.",Theory of Automata
Design a deterministic pushdown automaton that recognizes the language of all strings of balanced parentheses.,Theory of Automata
Prove that the language of all strings of binary digits that contain a consecutive sequence of at least five 0s is regular.,Theory of Automata
Show that the language of all strings of lowercase letters that contain all the letters of the alphabet at least once is not regular.,Theory of Automata
"Explain the relationship between pushdown automata and context-free grammars, and describe an algorithm for converting a pushdown automaton into a context-free grammar.",Theory of Automata
"Describe the concept of a Turing machine, and explain how it can be used to recognize languages that are not context-free.",Theory of Automata
Design a nondeterministic pushdown automaton that recognizes the language of all strings of binary digits that contain a sequence of at least three consecutive 1s.,Theory of Automata
"Explain the concept of decidability in the context of Turing machines, and describe the significance of the halting problem.",Theory of Automata
Prove that the language of all strings of binary digits that represent perfect squares in binary is not regular.,Theory of Automata
What is the difference between a combinational logic circuit and a sequential logic circuit in terms of their input-output relationships and internal memory elements.,Digital Logic Design
"Describe the process of minimizing a Boolean expression using Karnaugh maps, including the steps involved in constructing the map and identifying the prime implicants.",Digital Logic Design
"A digital circuit has two inputs, A and B, and one output, Y, where Y = A + B. Determine the type of logic gate that can be used to implement this circuit.",Digital Logic Design
"Explain the concept of fan-in and fan-out in digital logic design, including their impact on the overall performance and reliability of a digital circuit.",Digital Logic Design
"Design a digital circuit that can add two 4-bit binary numbers using only half-adders and full-adders, and describe the operation of the circuit.",Digital Logic Design
"What is the purpose of a clock signal in a sequential logic circuit, and how does it control the flow of data through the circuit.",Digital Logic Design
Describe the difference between a synchronous sequential circuit and an asynchronous sequential circuit in terms of their timing and control mechanisms.,Digital Logic Design
"A sequential logic circuit has two inputs, X and Y, and one output, Z, where Z is the logical AND of X and Y. Determine the type of flip-flop that can be used to implement this circuit.",Digital Logic Design
"Explain the concept of a state machine in digital logic design, including its components, operation, and applications.",Digital Logic Design
"Design a digital circuit that can generate a 2-to-4 line decoder using only logic gates, and describe the operation of the circuit.",Digital Logic Design
What is the difference between a positive-edge triggered flip-flop and a negative-edge triggered flip-flop in terms of their triggering mechanisms.,Digital Logic Design
"Describe the process of designing a digital circuit using a top-down approach, including the steps involved in specifying the circuit's behavior and implementing it using logic gates.",Digital Logic Design
"A digital circuit has three inputs, A, B, and C, and one output, D, where D = A + B + C. Determine the minimum number of logic gates required to implement this circuit.",Digital Logic Design
"Explain the concept of a counter in digital logic design, including its operation, types, and applications.",Digital Logic Design
"Design a digital circuit that can implement a 4-bit serial-in parallel-out shift register using only D flip-flops, and describe the operation of the circuit.",Digital Logic Design
"What is the purpose of a reset signal in a sequential logic circuit, and how does it affect the circuit's operation.",Digital Logic Design
Describe the difference between a Mealy machine and a Moore machine in terms of their output generation mechanisms.,Digital Logic Design
"A digital circuit has two inputs, X and Y, and one output, Z, where Z is the logical XOR of X and Y. Determine the type of logic gate that can be used to implement this circuit.",Digital Logic Design
"Explain the concept of a finite state machine in digital logic design, including its components, operation, and applications.",Digital Logic Design
"Design a digital circuit that can generate a 3-to-8 line decoder using only logic gates, and describe the operation of the circuit.",Digital Logic Design
What is the difference between a ripple counter and a synchronous counter in terms of their counting mechanisms and timing requirements.,Digital Logic Design
Describe the process of testing and verifying a digital circuit using simulation tools and techniques.,Digital Logic Design
"A digital circuit has four inputs, A, B, C, and D, and one output, E, where E = A + B + C + D. Determine the minimum number of logic gates required to implement this circuit.",Digital Logic Design
"Explain the concept of a pipeline in digital logic design, including its operation, advantages, and applications.",Digital Logic Design
"Design a digital circuit that can implement a 4-bit parallel-in parallel-out register using only D flip-flops, and describe the operation of the circuit.",Digital Logic Design
What are the fundamental differences between a combinational logic circuit and a sequential logic circuit in terms of their input-output relationships and internal memory elements.,Digital Logic Design
"Design a 4-bit even parity checker circuit using only NAND gates, and describe its operation with a truth table.",Digital Logic Design
"Compare and contrast the static and dynamic hazards that can occur in digital logic circuits, and explain how they can be eliminated.",Digital Logic Design
Describe the operation of a JK flip-flop and explain how it can be used to implement a binary counter.,Digital Logic Design
"Derive the Boolean expression for the output of a digital circuit with three inputs and one output, given its truth table.",Digital Logic Design
"Explain the concept of a race condition in sequential logic circuits, and describe a method to avoid it.",Digital Logic Design
Design a digital circuit that can convert a 4-bit binary number to its 2's complement representation using only logic gates.,Digital Logic Design
What are the advantages and disadvantages of using a sum-of-products representation versus a product-of-sums representation for a Boolean function.,Digital Logic Design
"Describe the operation of a full adder circuit, and explain how it can be used to implement a binary adder.",Digital Logic Design
Compare the differences between a Mealy machine and a Moore machine in terms of their state diagrams and output generation.,Digital Logic Design
Derive the state table and state diagram for a sequential logic circuit that can detect a sequence of three consecutive 1's in a stream of binary input data.,Digital Logic Design
"Explain the concept of fan-in and fan-out in digital logic circuits, and describe their impact on circuit performance.",Digital Logic Design
"Design a 2-to-4 line decoder circuit using only NAND gates, and describe its operation with a truth table.",Digital Logic Design
Describe the operation of a D flip-flop and explain how it can be used to implement a binary register.,Digital Logic Design
"What are the differences between a synchronous and asynchronous sequential logic circuit, and explain the advantages and disadvantages of each.",Digital Logic Design
"Compare and contrast the operation of a half adder and a full adder circuit, and describe their use in binary arithmetic.",Digital Logic Design
Design a digital circuit that can generate a 2-bit binary Gray code sequence using only logic gates and flip-flops.,Digital Logic Design
"Explain the concept of a Karnaugh map, and describe how it can be used to simplify a Boolean function.",Digital Logic Design
Describe the operation of a T flip-flop and explain how it can be used to implement a binary counter.,Digital Logic Design
"Derive the Boolean expression for the output of a digital circuit with two inputs and one output, given its truth table and a specified type of logic gate.",Digital Logic Design
What are the advantages and limitations of using a programmable logic device (PLD) to implement a digital logic circuit.,Digital Logic Design
Design a digital circuit that can implement a 4-bit binary multiplier using only logic gates and adders.,Digital Logic Design
"Explain the concept of a digital logic simulator, and describe its use in the design and verification of digital logic circuits.",Digital Logic Design
Compare and contrast the operation of a serial-in parallel-out (SIPO) shift register and a parallel-in serial-out (PISO) shift register.,Digital Logic Design
What is the difference between a combinational logic circuit and a sequential logic circuit in terms of their output dependency on input variables.,Digital Logic Design
Describe the concept of a Karnaugh map and its application in simplifying Boolean expressions.,Digital Logic Design
Explain the purpose of a decoder in a digital system and provide an example of its use.,Digital Logic Design
"A sequential circuit has three inputs and two outputs, with the next state of the circuit depending on both the current state and the inputs, what type of flip-flop is most suitable for this application.",Digital Logic Design
Design a digital circuit that multiplies two 2-bit binary numbers using only logic gates.,Digital Logic Design
What are the advantages of using a sum-of-products form over a product-of-sums form in Boolean algebra.,Digital Logic Design
Compare and contrast the operation of a half-adder and a full-adder in digital arithmetic.,Digital Logic Design
Explain how to minimize a Boolean function using the Quine-McCluskey method.,Digital Logic Design
Design a 4-to-1 multiplexer using only logic gates and explain its operation.,Digital Logic Design
What is the function of a demultiplexer in a digital system and how does it differ from a multiplexer.,Digital Logic Design
Describe the difference between a synchronous and an asynchronous sequential circuit.,Digital Logic Design
Explain the concept of a race condition in a sequential circuit and how it can be avoided.,Digital Logic Design
"A digital circuit has two inputs and one output, with the output being the logical AND of the two inputs, what type of logic gate is required to implement this function.",Digital Logic Design
What is the purpose of a buffer in a digital system and how does it differ from an inverter.,Digital Logic Design
Design a 2-to-4 decoder using only logic gates and explain its operation.,Digital Logic Design
Explain the concept of a Moore machine and a Mealy machine in sequential circuit design.,Digital Logic Design
Compare and contrast the operation of a JK flip-flop and a D flip-flop.,Digital Logic Design
What are the advantages of using a programmable logic device over a fixed logic circuit.,Digital Logic Design
Explain how to design a sequential circuit using a state diagram and a state table.,Digital Logic Design
Describe the operation of a digital counter and explain how it can be used in a digital system.,Digital Logic Design
What is the function of a priority encoder in a digital system and how does it differ from a standard encoder.,Digital Logic Design
Explain the concept of a fan-in and a fan-out in digital logic design and their importance in circuit design.,Digital Logic Design
Design a digital circuit that adds two 4-bit binary numbers using only logic gates and explain its operation.,Digital Logic Design
Explain the concept of a hazard in a combinational logic circuit and how it can be avoided.,Digital Logic Design
Explain the difference between a ripple-carry adder and a carry-lookahead adder in digital arithmetic.,Digital Logic Design
"What is the difference between a multiplexer and a demultiplexer in digital logic design, and how are they used in digital systems.",Digital Logic Design
"Design a 4-bit binary counter using JK flip-flops, and explain how it works.",Digital Logic Design
"Explain the concept of fan-in and fan-out in digital logic design, and how they affect the design of digital circuits.",Digital Logic Design
"A sequential circuit has three inputs and two outputs, with the next state of the circuit depending on the current state and inputs, design a state table for this circuit.",Digital Logic Design
"What is the purpose of a decoder in digital logic design, and how is it used to select a specific output line.",Digital Logic Design
"Describe the difference between a synchronous and asynchronous sequential circuit, and explain the advantages and disadvantages of each.",Digital Logic Design
Design a digital circuit that multiplies two 2-bit binary numbers using basic logic gates.,Digital Logic Design
"Explain the concept of a finite state machine, and how it is used to design sequential digital circuits.",Digital Logic Design
"What is the difference between a positive-edge triggered and negative-edge triggered flip-flop, and how are they used in digital systems.",Digital Logic Design
"Design a 2-to-4 line decoder using logic gates, and explain how it works.",Digital Logic Design
"Explain the concept of hazard in digital logic design, and how it can be eliminated using a consensus term.",Digital Logic Design
"Design a sequential circuit that recognizes a specific sequence of input bits, and explain how it works.",Digital Logic Design
"What is the purpose of a register in digital logic design, and how is it used to store data.",Digital Logic Design
"Explain the concept of don't care conditions in Karnaugh map simplification, and how they are used to simplify digital circuits.",Digital Logic Design
"Design a 4-bit serial-in parallel-out shift register using D flip-flops, and explain how it works.",Digital Logic Design
"Explain the difference between a Mealy machine and a Moore machine, and how they are used to design sequential digital circuits.",Digital Logic Design
"What is the purpose of a PLA in digital logic design, and how is it used to implement combinational logic circuits.",Digital Logic Design
Design a digital circuit that adds two 4-bit binary numbers using a ripple carry adder.,Digital Logic Design
"Explain the concept of glitch in digital logic design, and how it can be eliminated using a latch.",Digital Logic Design
"Design a 3-to-8 line decoder using logic gates, and explain how it works.",Digital Logic Design
"What is the difference between a D flip-flop and a T flip-flop, and how are they used in digital systems.",Digital Logic Design
"Explain the concept of race condition in digital logic design, and how it can be eliminated using a sequential circuit.",Digital Logic Design
Design a digital circuit that converts a 4-bit binary number to its Gray code equivalent using logic gates.,Digital Logic Design
"Explain the concept of bus in digital logic design, and how it is used to transfer data between different parts of a digital system.",Digital Logic Design
"Design a sequential circuit that generates a specific sequence of output bits, and explain how it works.",Digital Logic Design
What are the primary differences between the RISC and CISC instruction set architectures in terms of their design goals and philosophies.,Computer Architecture
How does the cache hierarchy in a modern computer system affect the overall system performance and what are the different levels of cache.,Computer Architecture
Describe the main components of the fetch-decode-execute cycle in a pipelined processor and explain how they interact with each other.,Computer Architecture
What is the purpose of the memory management unit in a computer system and how does it handle virtual-to-physical address translation.,Computer Architecture
Explain the concept of locality of reference and how it is exploited by cache memories to improve system performance.,Computer Architecture
Compare and contrast the synchronous and asynchronous bus protocols used in computer systems to transfer data between components.,Computer Architecture
What are the advantages and disadvantages of using a shared-bus architecture versus a switched-interconnect architecture in a multiprocessor system.,Computer Architecture
Describe the main differences between a uniprocessor and a multiprocessor system in terms of their architecture and performance characteristics.,Computer Architecture
How does the concept of thread-level parallelism differ from instruction-level parallelism in a multicore processor.,Computer Architecture
What is the role of the control unit in a computer system and how does it manage the flow of data between different components.,Computer Architecture
Explain the concept of a load/store architecture and how it differs from a register-to-register architecture.,Computer Architecture
Describe the main components of a virtual machine and how it provides a layer of abstraction between the operating system and the underlying hardware.,Computer Architecture
What are the primary benefits and drawbacks of using a stack-based architecture versus a register-based architecture in a processor design.,Computer Architecture
How does the concept of branch prediction affect the performance of a pipelined processor and what are some common techniques used to improve branch prediction accuracy.,Computer Architecture
Explain the difference between a blocking cache and a non-blocking cache in terms of their performance characteristics and design trade-offs.,Computer Architecture
What is the purpose of the TLB in a computer system and how does it interact with the page table to facilitate virtual-to-physical address translation.,Computer Architecture
"Compare and contrast the different types of interconnects used in multiprocessor systems, including buses, switches, and networks.",Computer Architecture
Describe the main challenges and limitations of scaling up a single-core processor design to achieve higher performance and how these challenges can be addressed.,Computer Architecture
Explain the concept of a superscalar processor and how it differs from a scalar processor in terms of its ability to execute multiple instructions per clock cycle.,Computer Architecture
What are the primary advantages and disadvantages of using a NUMA versus a UMA memory architecture in a multiprocessor system.,Computer Architecture
How does the concept of cache coherence affect the performance and consistency of data in a shared-memory multiprocessor system.,Computer Architecture
Describe the main differences between a SIMD and a MIMD parallel processing architecture in terms of their programming models and performance characteristics.,Computer Architecture
Explain the role of the prefetch unit in a modern processor and how it helps to improve system performance by reducing the latency of memory accesses.,Computer Architecture
What are the primary challenges and limitations of designing a processor that can efficiently execute both sequential and parallel workloads.,Computer Architecture
Explain the concept of a heterogeneous system architecture and how it differs from a homogeneous system architecture in terms of its composition and performance characteristics.,Computer Architecture
What are the primary components of the central processing unit and how do they interact to execute instructions in a computer system?,Computer Architecture
"Describe the differences between a RISC and CISC instruction set architecture, including their advantages and disadvantages.",Computer Architecture
"How does the cache hierarchy in a computer system improve performance, and what are the main factors that influence cache hit ratio?",Computer Architecture
Explain the concept of pipelining in a processor and discuss the various types of hazards that can occur during the pipelining process.,Computer Architecture
Compare and contrast the bus-based and switch-based interconnection networks used in multiprocessor systems.,Computer Architecture
"Discuss the role of the memory management unit in a computer system, including its functions and interactions with the operating system.",Computer Architecture
"What are the main characteristics of a superscalar processor, and how does it differ from a scalar processor in terms of instruction execution?",Computer Architecture
Describe the architecture of a vector processor and explain how it is optimized for scientific computing applications.,Computer Architecture
"How do virtualization technologies, such as VMWare or VirtualBox, interact with the underlying computer architecture to provide a layer of abstraction?",Computer Architecture
Explain the concept of a load/store architecture and its implications for compiler optimization and instruction set design.,Computer Architecture
"Discuss the trade-offs between latency and throughput in the design of a computer network interface, including the impact on system performance.",Computer Architecture
"Compare the architectures of a uniprocessor and a multiprocessor system, including their relative advantages and disadvantages.",Computer Architecture
"What are the key challenges in designing a scalable and fault-tolerant parallel computing system, and how can they be addressed through clever architecture design?",Computer Architecture
Explain the concept of a cache coherence protocol and its importance in maintaining data consistency in a multiprocessor system.,Computer Architecture
Describe the architecture of a graphics processing unit and explain how it is optimized for parallel computing tasks.,Computer Architecture
"Discuss the role of the northbridge and southbridge chips in a PC-based system, including their functions and interactions with other system components.",Computer Architecture
"How do out-of-order execution and speculative execution improve the performance of a modern processor, and what are the potential drawbacks?",Computer Architecture
Explain the concept of a branch predictor and its role in reducing branch instruction latency in a pipelined processor.,Computer Architecture
"Compare and contrast the architectures of a mainframe computer and a personal computer, including their relative strengths and weaknesses.",Computer Architecture
What are the main advantages and disadvantages of using a shared-memory architecture versus a message-passing architecture in a parallel computing system?,Computer Architecture
Describe the architecture of a network-on-chip and explain how it can be used to improve the scalability and performance of a multiprocessor system.,Computer Architecture
Explain the concept of a TLB and its role in reducing the latency associated with page table lookups in a virtual memory system.,Computer Architecture
"Discuss the trade-offs between power consumption and performance in the design of a mobile computing device, including the impact on system architecture.",Computer Architecture
"How do compiler optimizations, such as loop unrolling and register blocking, interact with the underlying computer architecture to improve program performance?",Computer Architecture
What are the primary differences between a RISC and a CISC processor architecture in terms of instruction set design and execution.,Computer Architecture
Describe the role of the instruction register in the fetch-decode-execute cycle of a pipelined processor.,Computer Architecture
"How does the concept of cache locality improve the performance of a computer system, and what are the different types of locality that can be observed.",Computer Architecture
"Explain the difference between a synchronous and an asynchronous bus, and provide examples of when each would be used in a computer system.",Computer Architecture
"What are the main components of a modern CPU, and how do they interact to execute instructions and manage data.",Computer Architecture
Compare and contrast the architectures of a symmetric multiprocessor system and an asymmetric multiprocessor system.,Computer Architecture
"Describe the process of address translation in a virtual memory system, including the role of the memory management unit.",Computer Architecture
"What is the purpose of the write-through and write-back protocols in a cache coherence system, and how do they differ.",Computer Architecture
"Explain the concept of a load-store architecture, and how it differs from a register-register architecture.",Computer Architecture
"How does the use of a branch predictor improve the performance of a pipelined processor, and what are some common techniques used to implement branch prediction.",Computer Architecture
What are the advantages and disadvantages of using a shared-bus architecture in a multiprocessor system.,Computer Architecture
"Describe the operation of a TLB, including how it interacts with the page table and the main memory.",Computer Architecture
"Explain the concept of a superscalar processor, and how it executes multiple instructions per clock cycle.",Computer Architecture
"What is the difference between a uniprocessor and a multiprocessor system, and how do they differ in terms of architecture and performance.",Computer Architecture
Compare and contrast the use of a direct-mapped cache and a set-associative cache in a computer system.,Computer Architecture
"How does the concept of speculative execution improve the performance of a pipelined processor, and what are the potential risks and challenges.",Computer Architecture
"Describe the architecture of a vector processor, and how it is optimized for scientific and engineering applications.",Computer Architecture
"Explain the role of the memory hierarchy in a computer system, including the different levels of cache and main memory.",Computer Architecture
What are the main challenges and limitations of designing a scalable and high-performance interconnection network for a multiprocessor system.,Computer Architecture
"Describe the process of cache coherence in a multiprocessor system, including the different protocols and techniques used to maintain coherence.",Computer Architecture
"How does the use of a prefetch instruction improve the performance of a pipelined processor, and what are the potential benefits and drawbacks.",Computer Architecture
"Explain the concept of a hierarchical cache system, and how it is used to improve the performance of a computer system.",Computer Architecture
"What are the advantages and disadvantages of using a non-blocking cache in a computer system, and how does it differ from a blocking cache.",Computer Architecture
"Describe the operation of a store-and-forward router in an interconnection network, and how it differs from a cut-through router.",Computer Architecture
"Explain the concept of a virtual machine, and how it is used to provide a layer of abstraction between the operating system and the underlying hardware.",Computer Architecture
What are the primary components of the central processing unit and how do they interact to execute instructions in a computer system.,Computer Architecture
"Describe the difference between a RISC and CISC architecture, including their advantages and disadvantages in terms of performance, power consumption, and design complexity.",Computer Architecture
"Explain the concept of pipelining in a processor and how it improves instruction-level parallelism, including the stages involved and potential hazards that can occur.",Computer Architecture
"Compare and contrast the memory hierarchy of a computer system, including the role of cache, main memory, and secondary storage, and how they interact to optimize data access.",Computer Architecture
"Discuss the importance of cache coherence in a multiprocessor system, including the protocols used to maintain consistency and the challenges that arise in shared-memory architectures.",Computer Architecture
"How do virtual memory and paging enable a program to use more memory than is physically available in a computer system, and what are the key components and algorithms involved.",Computer Architecture
"What is the purpose of the memory management unit in a computer system, and how does it map virtual addresses to physical addresses using page tables.",Computer Architecture
"Explain the concept of branch prediction in a processor and how it can improve instruction-level parallelism, including the different techniques used to predict branch outcomes.",Computer Architecture
"Describe the architecture of a graphics processing unit and how it differs from a central processing unit in terms of processing model, memory hierarchy, and parallelism.",Computer Architecture
"Compare the performance characteristics of different types of buses, including PCI, PCI Express, and USB, in terms of bandwidth, latency, and scalability.",Computer Architecture
"Discuss the challenges and opportunities of designing a computer architecture for emerging technologies such as artificial intelligence, machine learning, and the Internet of Things.",Computer Architecture
"Explain the concept of speculative execution in a processor and how it can improve performance, including the potential risks and mitigations for security vulnerabilities.",Computer Architecture
"What are the key components and design considerations for a network interface controller, including the role of DMA, interrupts, and protocol processing.",Computer Architecture
"Describe the architecture of a cloud computing data center, including the role of servers, storage, networking, and virtualization in delivering scalable and on-demand computing resources.",Computer Architecture
"How do fault-tolerant computer systems detect and recover from hardware failures, including the use of redundancy, error correction, and failover mechanisms.",Computer Architecture
"Explain the concept of instruction-level parallelism and how it can be exploited using techniques such as superscalar execution, out-of-order execution, and multithreading.",Computer Architecture
"Compare and contrast the performance characteristics of different types of storage devices, including hard disk drives, solid-state drives, and flash memory, in terms of access time, bandwidth, and reliability.",Computer Architecture
"Discuss the importance of power management in computer architecture, including the techniques used to reduce power consumption, such as dynamic voltage and frequency scaling, and clock gating.",Computer Architecture
"What is the role of the northbridge and southbridge chips in a traditional PC architecture, and how have they evolved in modern systems.",Computer Architecture
"Explain the concept of a system-on-chip and how it integrates multiple components, including processors, memory, and peripherals, onto a single piece of silicon.",Computer Architecture
"Describe the architecture of a high-performance computing cluster, including the role of nodes, interconnects, and job scheduling in achieving scalable performance.",Computer Architecture
"How do computer architectures support virtualization, including the use of hypervisors, virtual machines, and device emulation, and what are the benefits and challenges of virtualized systems.",Computer Architecture
"Explain the concept of a memory wall and how it limits the performance of computer systems, including the challenges of scaling memory bandwidth and latency with increasing processor speeds.",Computer Architecture
"What are the key components and design considerations for a embedded system, including the role of microcontrollers, peripherals, and real-time operating systems in meeting performance, power, and cost constraints.",Computer Architecture
"What are the primary differences between a threat and a vulnerability in the context of information security, and how do they impact an organization's risk assessment.",Information Security
Describe the concept of least privilege and explain how it can be implemented in an operating system to enhance security.,Information Security
"Compare and contrast symmetric and asymmetric encryption algorithms, including their strengths, weaknesses, and typical use cases.",Information Security
Explain the purpose of a security information and event management system and how it contributes to an organization's overall security posture.,Information Security
"What is a man-in-the-middle attack, and what measures can be taken to prevent or detect such attacks in a network.",Information Security
Discuss the role of penetration testing in identifying vulnerabilities and strengthening an organization's information security defenses.,Information Security
How does the principle of separation of duties contribute to preventing insider threats and enhancing overall information security.,Information Security
"Explain the differences between a firewall and an intrusion detection system, including their functions and deployment scenarios.",Information Security
"What is the primary goal of incident response planning, and what key elements should be included in an incident response plan.",Information Security
Describe the concept of social engineering and explain how organizations can protect themselves against social engineering attacks.,Information Security
Compare the security implications of using a public cloud versus a private cloud for storing sensitive organizational data.,Information Security
Explain how multi-factor authentication enhances the security of user authentication processes.,Information Security
"What are the key components of a secure software development life cycle, and how do they contribute to the development of secure software.",Information Security
Discuss the security risks associated with using mobile devices in the workplace and strategies for mitigating these risks.,Information Security
Explain the concept of a zero-day exploit and the challenges it poses to information security professionals.,Information Security
"Describe the process of conducting a risk assessment for a new information system, including the identification of threats and vulnerabilities.",Information Security
"What is the purpose of a digital certificate, and how is it used to establish trust in online transactions.",Information Security
"Explain the differences between a virtual private network and a secure sockets layer connection, including their use cases.",Information Security
Discuss the security implications of the Internet of Things and strategies for securing IoT devices.,Information Security
How does the principle of defense in depth contribute to the overall security of an information system.,Information Security
"Explain the concept of a security orchestration, automation, and response system and its role in enhancing incident response capabilities.",Information Security
"What are the key elements of a security awareness training program, and how can it contribute to preventing security breaches.",Information Security
"Describe the process of performing a security audit, including the identification of security controls and the assessment of their effectiveness.",Information Security
Explain the security risks associated with the use of open-source software and strategies for mitigating these risks.,Information Security
"Discuss the role of artificial intelligence and machine learning in enhancing information security, including their applications and limitations.",Information Security
"What are the primary differences between a threat and a vulnerability in the context of information security, and how do they impact an organization's risk assessment.",Information Security
"Describe the various types of malware and their characteristics, including viruses, worms, trojans, spyware, adware, and ransomware.",Information Security
Explain the concept of a security perimeter and how it relates to network architecture and design in protecting against external threats.,Information Security
"Compare and contrast symmetric and asymmetric encryption algorithms, including their strengths, weaknesses, and use cases.",Information Security
Discuss the importance of secure coding practices in preventing common web application vulnerabilities such as SQL injection and cross-site scripting.,Information Security
"What is the purpose of a demilitarized zone (DMZ) in network security, and how does it contribute to the overall security posture of an organization.",Information Security
Explain the concept of identity and access management (IAM) and its role in controlling user access to sensitive resources and data.,Information Security
Describe the process of conducting a risk assessment and vulnerability scan to identify potential security threats in an organization's network.,Information Security
"What are the key components of a security information and event management (SIEM) system, and how does it support incident response and threat detection.",Information Security
"Discuss the concept of zero-trust architecture and its approach to network security, including the benefits and challenges of implementation.",Information Security
"Explain the differences between a firewall and an intrusion prevention system (IPS), including their functions and use cases.",Information Security
"Describe the various types of authentication factors, including something you know, something you have, and something you are, and their respective strengths and weaknesses.",Information Security
"What is the purpose of a honeypot in network security, and how does it contribute to threat detection and incident response.",Information Security
"Compare and contrast different types of encryption protocols, including SSL/TLS, IPsec, and PGP, and their respective use cases.",Information Security
Explain the concept of a man-in-the-middle (MITM) attack and the various techniques used to prevent such attacks.,Information Security
Discuss the importance of security awareness training for employees and its role in preventing social engineering attacks.,Information Security
"Describe the process of incident response and disaster recovery in the event of a security breach, including the key steps and stakeholders involved.",Information Security
"What are the key differences between a penetration test and a vulnerability scan, and how do they contribute to an organization's overall security posture.",Information Security
Explain the concept of a cloud security gateway and its role in protecting cloud-based infrastructure and data.,Information Security
Discuss the concept of data loss prevention (DLP) and its role in protecting sensitive data from unauthorized access and exfiltration.,Information Security
"Describe the various types of security controls, including preventive, detective, and corrective controls, and their respective functions.",Information Security
"What is the purpose of a security orchestration, automation, and response (SOAR) system, and how does it support incident response and threat detection.",Information Security
"Explain the concept of a bring-your-own-device (BYOD) policy and its impact on an organization's security posture, including the benefits and challenges.",Information Security
Discuss the importance of continuous monitoring and vulnerability management in maintaining the security and integrity of an organization's network and systems.,Information Security
"Describe the process of conducting a security audit and compliance assessment, including the key steps and stakeholders involved.",Information Security
"What are the primary differences between a threat and a vulnerability in the context of information security, and how do they relate to risk management.",Information Security
Describe the concept of defense in depth and explain how it can be applied to protect against various types of cyber threats.,Information Security
"Explain the purpose and function of a demilitarized zone (DMZ) in a network architecture, including its role in protecting internal networks from external threats.",Information Security
"Compare and contrast symmetric and asymmetric encryption algorithms, including their strengths, weaknesses, and typical use cases.",Information Security
"Discuss the importance of secure coding practices in preventing common web application vulnerabilities, such as SQL injection and cross-site scripting (XSS).",Information Security
"What is the difference between a security token and a smart card, and how are they used for authentication and access control.",Information Security
Explain the concept of least privilege and how it can be implemented in an operating system to reduce the risk of privilege escalation attacks.,Information Security
"Describe the process of conducting a risk assessment for an organization's information systems, including identifying threats, vulnerabilities, and potential impacts.",Information Security
"What are the key components of a incident response plan, and how should they be implemented in the event of a security breach.",Information Security
"Compare and contrast different types of firewalls, including network-based, host-based, and application-based firewalls.",Information Security
Explain the concept of a honeypot and how it can be used to detect and prevent malicious activity in a network.,Information Security
"Discuss the importance of security awareness training for employees, including common threats and best practices for preventing security incidents.",Information Security
"What is the difference between a virus, worm, and Trojan horse, and how can they be prevented and mitigated.",Information Security
"Describe the process of conducting a penetration test, including planning, execution, and reporting.",Information Security
Explain the concept of identity and access management (IAM) and how it can be used to control and manage user access to sensitive resources.,Information Security
"What are the key differences between a intrusion detection system (IDS) and an intrusion prevention system (IPS), and how are they used to protect against network threats.",Information Security
"Discuss the importance of secure protocol implementation, including SSL/TLS and IPsec, in protecting data in transit.",Information Security
Explain the concept of a security information and event management (SIEM) system and how it can be used to monitor and analyze security-related data.,Information Security
"What is the difference between a hash function and a digital signature, and how are they used in cryptography.",Information Security
"Describe the process of implementing a public key infrastructure (PKI), including certificate authorities, registration authorities, and certificate revocation lists.",Information Security
"Compare and contrast different types of access control models, including discretionary access control (DAC), mandatory access control (MAC), and role-based access control (RBAC).",Information Security
Explain the concept of a virtual private network (VPN) and how it can be used to securely connect remote users to a private network.,Information Security
"What are the key components of a business continuity plan, including disaster recovery and incident response, and how should they be implemented.",Information Security
"Discuss the importance of secure data storage and disposal practices, including encryption, backups, and secure deletion.",Information Security
Explain the concept of a cloud security gateway and how it can be used to secure cloud-based infrastructure and applications.,Information Security
"What are the primary differences between a threat and a vulnerability in the context of information security, and how do they impact an organization's risk assessment.",Information Security
Describe the main components of a Public Key Infrastructure and explain how they work together to provide secure communication over the internet.,Information Security
Explain the concept of least privilege and how it can be applied to reduce the risk of privilege escalation attacks in an organization's network.,Information Security
"Compare and contrast symmetric and asymmetric encryption algorithms, including their strengths, weaknesses, and typical use cases.",Information Security
"What is a Man-in-the-Middle attack, and how can it be prevented using secure communication protocols such as HTTPS and SSL/TLS.",Information Security
Discuss the importance of secure coding practices in preventing common web application vulnerabilities such as SQL injection and cross-site scripting.,Information Security
Explain the concept of a security information and event management system and how it can be used to detect and respond to security incidents in real-time.,Information Security
"What is the difference between a firewall and an intrusion prevention system, and how do they work together to protect an organization's network from external threats.",Information Security
"Describe the main types of malware, including viruses, worms, and trojans, and explain how they can be detected and removed from a compromised system.",Information Security
Explain the concept of a secure socket layer and how it is used to provide secure communication between a web browser and a web server.,Information Security
"What is the purpose of a vulnerability scan, and how can it be used to identify potential security weaknesses in an organization's network.",Information Security
"Discuss the importance of incident response planning in minimizing the impact of a security breach, and explain the key components of an incident response plan.",Information Security
Explain the concept of access control and how it can be used to restrict access to sensitive data and systems within an organization.,Information Security
"What is the difference between a hub-and-spoke and a mesh topology in the context of a virtual private network, and how do they impact network security.",Information Security
"Describe the main types of cryptographic hash functions, including SHA-256 and MD5, and explain how they are used to provide data integrity and authenticity.",Information Security
"Explain the concept of a security orchestration, automation, and response system and how it can be used to streamline security incident response processes.",Information Security
"What is the purpose of a penetration test, and how can it be used to identify vulnerabilities in an organization's network and applications.",Information Security
"Discuss the importance of security awareness training in preventing social engineering attacks, and explain how it can be used to educate employees on secure computing practices.",Information Security
Explain the concept of a cloud access security broker and how it can be used to provide visibility and control over cloud-based data and applications.,Information Security
"What is the difference between a stateful and a stateless firewall, and how do they impact network security and performance.",Information Security
"Describe the main components of an identity and access management system, including authentication, authorization, and accounting.",Information Security
Explain the concept of a security content automation protocol and how it can be used to automate security vulnerability management processes.,Information Security
"What is the purpose of a digital certificate, and how can it be used to provide secure communication and authentication over the internet.",Information Security
Discuss the importance of secure data backup and recovery procedures in ensuring business continuity in the event of a security incident or disaster.,Information Security
Explain the concept of a threat intelligence platform and how it can be used to provide real-time threat detection and incident response capabilities.,Information Security
What is the primary difference between symmetric and asymmetric key encryption algorithms in terms of key management and usage in cryptographic protocols?,Cryptography
"Explain the concept of a one-way function and its significance in cryptographic hash functions, providing examples of such functions.",Cryptography
"Describe the process of generating a digital signature using the RSA algorithm, including the roles of the private and public keys.",Cryptography
Compare and contrast the security features of the Advanced Encryption Standard (AES) and the Data Encryption Standard (DES) block ciphers.,Cryptography
Discuss the concept of a cryptographic protocol and explain the importance of secure key exchange in establishing a secure communication channel.,Cryptography
What are the advantages and disadvantages of using a public-key infrastructure (PKI) for managing digital certificates and public-private key pairs?,Cryptography
Explain the concept of a man-in-the-middle (MITM) attack and describe a scenario in which such an attack could be launched against a cryptographic protocol.,Cryptography
Describe the process of encrypting data using the Elliptic Curve Cryptography (ECC) algorithm and explain its advantages over traditional public-key cryptography.,Cryptography
Discuss the security implications of using a weak or compromised cryptographic hash function in a digital signature scheme.,Cryptography
Compare the performance characteristics of stream ciphers and block ciphers in terms of encryption and decryption speeds.,Cryptography
Explain the concept of a side-channel attack and describe a scenario in which such an attack could be used to compromise a cryptographic system.,Cryptography
Describe the role of the Diffie-Hellman key exchange algorithm in establishing a shared secret key between two parties without actually exchanging the key.,Cryptography
What are the security benefits and drawbacks of using a hash-based message authentication code (HMAC) versus a digital signature scheme for data integrity and authenticity?,Cryptography
Discuss the concept of quantum cryptography and explain how it uses the principles of quantum mechanics to enable secure key exchange.,Cryptography
"Explain the process of generating a key pair using the RSA algorithm, including the selection of prime numbers and the computation of the public and private exponents.",Cryptography
Describe a scenario in which a cryptographic protocol using a symmetric key encryption algorithm would be more suitable than one using an asymmetric key encryption algorithm.,Cryptography
Compare and contrast the security features of the Secure Sockets Layer/Transport Layer Security (SSL/TLS) protocol and the Internet Protocol Security (IPSec) protocol.,Cryptography
"Explain the concept of a cryptographic primitive and describe examples of such primitives, including hash functions and digital signatures.",Cryptography
"Discuss the security implications of using a key size that is too small for a given cryptographic algorithm, providing examples of such algorithms and key sizes.",Cryptography
Describe the process of decrypting data using the Blowfish block cipher algorithm and explain its advantages and disadvantages compared to other block ciphers.,Cryptography
What are the advantages and disadvantages of using a hybrid encryption scheme that combines symmetric and asymmetric key encryption algorithms?,Cryptography
Explain the concept of a digital certificate and describe the role of a certificate authority (CA) in issuing and managing such certificates.,Cryptography
"Discuss the concept of a zero-knowledge proof and explain its significance in cryptographic protocols, providing examples of such protocols.",Cryptography
Describe a scenario in which a cryptographic protocol using a digital signature scheme would be more suitable than one using a message authentication code (MAC) for data integrity and authenticity.,Cryptography
Explain the process of encrypting data using the Twofish block cipher algorithm and compare its security features to those of the AES algorithm.,Cryptography
What are the primary differences between symmetric and asymmetric key encryption algorithms in terms of key management and computational overhead.,Cryptography
Describe the process of generating a digital signature using the RSA algorithm and explain its application in secure electronic transactions.,Cryptography
"Explain the concept of a one-way function and its significance in cryptographic hash functions, providing examples of widely used hash functions.",Cryptography
"Compare and contrast the security features of AES and DES encryption algorithms, including their block sizes, key lengths, and resistance to brute-force attacks.",Cryptography
"Discuss the role of cryptographic protocols in secure online communications, highlighting the importance of SSL/TLS in protecting data in transit.",Cryptography
What are the advantages and disadvantages of using a public-key infrastructure for key management in a large-scale enterprise network.,Cryptography
Analyze the security vulnerabilities of the Caesar cipher and describe how it can be improved using more sophisticated substitution techniques.,Cryptography
Explain the concept of a cryptographic primitive and provide examples of how primitives are used to construct more complex cryptographic protocols.,Cryptography
Describe the process of encrypting data using the Elliptic Curve Cryptography algorithm and explain its advantages over traditional public-key cryptography.,Cryptography
"Discuss the application of cryptography in secure multi-party computation, enabling multiple parties to jointly perform computations on private data.",Cryptography
"What are the differences between a digital certificate and a public-key certificate, and how are they used in authentication and authorization protocols.",Cryptography
"Explain the concept of quantum cryptography and its potential impact on the security of classical cryptographic systems, including the limitations of quantum key distribution.",Cryptography
"Compare and contrast the security features of SHA-256 and MD5 hash functions, including their resistance to collisions and preimage attacks.",Cryptography
Describe the process of secure key exchange using the Diffie-Hellman key exchange algorithm and explain its application in establishing secure communication channels.,Cryptography
"Discuss the role of side-channel attacks in compromising the security of cryptographic systems, including timing attacks and power analysis attacks.",Cryptography
Explain the concept of a cryptographic protocol suite and provide examples of how protocol suites are used to secure online transactions and communications.,Cryptography
"Analyze the security features of the Advanced Encryption Standard and explain how it resists various types of attacks, including linear and differential cryptanalysis.",Cryptography
"What are the advantages and disadvantages of using homomorphic encryption for secure data processing, including its potential applications in cloud computing.",Cryptography
Describe the process of generating a cryptographic key pair using the RSA algorithm and explain the importance of key sizes and random number generation.,Cryptography
"Discuss the application of cryptography in secure voting systems, enabling voters to cast their votes securely and anonymously.",Cryptography
Explain the concept of a zero-knowledge proof and provide examples of how zero-knowledge proofs are used in cryptographic protocols to demonstrate knowledge without revealing information.,Cryptography
"Compare and contrast the security features of symmetric-key block ciphers, including AES, DES, and Blowfish, and explain their modes of operation.",Cryptography
Analyze the security vulnerabilities of the Vigenere cipher and describe how it can be improved using more sophisticated polyalphabetic substitution techniques.,Cryptography
"Discuss the role of cryptographic random number generators in generating keys and nonces for cryptographic protocols, including the importance of entropy sources.",Cryptography
Explain the concept of a cryptographic threshold scheme and provide examples of how threshold schemes are used to secure data and control access to sensitive information.,Cryptography
What are the primary differences between symmetric and asymmetric key encryption algorithms in terms of key management and usage.,Cryptography
Describe the process of generating a digital signature using the RSA algorithm and explain its application in secure data transmission.,Cryptography
Explain the concept of a one-way function and its significance in the design of cryptographic hash functions and digital signatures.,Cryptography
"Compare and contrast the security features of AES and DES encryption algorithms, including their block sizes, key lengths, and resistance to attacks.",Cryptography
"Discuss the role of cryptographic protocols in securing online transactions, including SSL/TLS and IPsec, and their respective advantages and limitations.",Cryptography
"What is the purpose of a salt value in password storage, and how does it enhance the security of password hashing using algorithms like bcrypt or scrypt.",Cryptography
How does the Diffie-Hellman key exchange algorithm enable secure key establishment between two parties over an insecure communication channel.,Cryptography
Explain the concept of a cryptographic primitive and provide examples of primitives used in various cryptographic protocols and algorithms.,Cryptography
Describe the process of encrypting data using the ElGamal encryption scheme and explain its security properties and applications.,Cryptography
"What are the advantages and disadvantages of using a block cipher in ECB mode versus CBC mode, including their respective security and performance implications.",Cryptography
"Discuss the security implications of using a weak or compromised cryptographic protocol, such as SSL 2.0 or MD5, in a modern cryptographic system.",Cryptography
Explain the concept of a side-channel attack and provide examples of attacks that exploit information about the implementation of a cryptographic algorithm.,Cryptography
"Compare and contrast the security features of different cryptographic hash functions, including SHA-256, SHA-3, and BLAKE2.",Cryptography
"What is the purpose of a digital certificate in public key infrastructure, and how does it facilitate secure communication between entities.",Cryptography
Describe the process of generating a key pair using the elliptic curve cryptography algorithm and explain its application in secure key establishment.,Cryptography
Explain the concept of a zero-knowledge proof and provide examples of its application in cryptographic protocols and algorithms.,Cryptography
"Discuss the role of quantum computing in breaking certain cryptographic algorithms, such as RSA and elliptic curve cryptography, and the potential impact on cryptographic systems.",Cryptography
"How does the Merkle-Hellman knapsack cryptosystem work, and what are its security properties and limitations.",Cryptography
"What are the advantages and disadvantages of using a stream cipher versus a block cipher in a cryptographic system, including their respective security and performance implications.",Cryptography
"Explain the concept of a cryptographic protocol suite, such as PGP or S/MIME, and describe its components and application in secure email communication.",Cryptography
Describe the process of encrypting data using the Blowfish encryption algorithm and explain its security properties and limitations.,Cryptography
"Compare and contrast the security features of different digital signature algorithms, including RSA, DSA, and ECDSA.",Cryptography
"What is the purpose of a random number generator in cryptographic systems, and how does it contribute to the security of various cryptographic protocols and algorithms.",Cryptography
"Discuss the security implications of using a key exchange protocol, such as Diffie-Hellman or Elliptic Curve Diffie-Hellman, in a cryptographic system.",Cryptography
Explain the concept of a homomorphic encryption scheme and provide examples of its application in secure outsourcing of computations.,Cryptography
What are the primary differences between symmetric and asymmetric encryption algorithms in terms of key usage and computational overhead.,Cryptography
"Describe the process of generating a digital signature using the RSA algorithm, including the roles of the private and public keys.",Cryptography
"Explain the concept of a one-way function and its significance in cryptographic protocols, including examples of such functions.",Cryptography
Compare and contrast the security features of the Advanced Encryption Standard (AES) and the Data Encryption Standard (DES).,Cryptography
"What is the purpose of a cryptographic hash function, and how does it differ from a regular hash function used in data structures.",Cryptography
Discuss the concept of a man-in-the-middle attack and how it can be mitigated using public key infrastructure (PKI) and digital certificates.,Cryptography
How does the Diffie-Hellman key exchange algorithm enable two parties to establish a shared secret key over an insecure communication channel.,Cryptography
"Explain the principles behind the ElGamal encryption scheme, including its use of elliptic curves and discrete logarithms.",Cryptography
What are the advantages and disadvantages of using a block cipher in Electronic Codebook (ECB) mode versus Cipher Block Chaining (CBC) mode.,Cryptography
"Describe the role of a key exchange protocol in establishing secure communication between two parties, including examples of such protocols.",Cryptography
Compare the security and performance characteristics of the Blowfish and Twofish symmetric encryption algorithms.,Cryptography
Explain how the cryptographic technique of padding is used to ensure secure encryption of messages of varying lengths.,Cryptography
"What are the implications of quantum computing on the security of cryptographic systems based on number theory, such as RSA and elliptic curve cryptography.",Cryptography
Discuss the concept of a side-channel attack and how it can be used to compromise the security of a cryptographic implementation.,Cryptography
How does the Secure Sockets Layer/Transport Layer Security (SSL/TLS) protocol use cryptography to secure web-based communication.,Cryptography
"Explain the differences between a digital signature and a message authentication code (MAC), including the security properties each provides.",Cryptography
Describe the process of certificate chaining and its role in establishing trust in a public key infrastructure (PKI).,Cryptography
"What are the security benefits and drawbacks of using a cryptographic protocol based on a lattice problem, such as NTRU.",Cryptography
Compare and contrast the cryptographic properties of the SHA-256 and MD5 hash functions.,Cryptography
"Explain how the concept of perfect forward secrecy is achieved in cryptographic protocols, including examples of such protocols.",Cryptography
"Discuss the role of key management in cryptographic systems, including key generation, distribution, and revocation.",Cryptography
How does the use of a salt value enhance the security of a password storage system based on cryptographic hashing.,Cryptography
"Explain the principles behind the Merkle-Hellman knapsack cryptosystem, including its use of superincreasing sequences.",Cryptography
Describe the security features and potential vulnerabilities of the Pretty Good Privacy (PGP) email encryption system.,Cryptography
What are the advantages and limitations of using homomorphic encryption for secure computation on encrypted data.,Cryptography
"What is the primary purpose of a genesis block in a blockchain network, and how does it differ from subsequent blocks in the chain.",Blockchain
"Explain the concept of a smart contract in the context of blockchain technology, including its benefits and potential use cases.",Blockchain
"Describe the differences between a public and private blockchain, including the advantages and disadvantages of each.",Blockchain
How does the proof-of-work consensus algorithm used in Bitcoin ensure the security and integrity of the blockchain.,Blockchain
"What is the role of a node in a blockchain network, and what are the different types of nodes that can exist.",Blockchain
"Explain the concept of a hard fork in a blockchain, including the reasons why it may be necessary and the potential consequences.",Blockchain
Compare and contrast the proof-of-stake and proof-of-work consensus algorithms used in blockchain networks.,Blockchain
"Describe the process of mining a new block in a blockchain network, including the role of miners and the rewards they receive.",Blockchain
"What is the purpose of a blockchain explorer, and how does it facilitate the use of blockchain technology.",Blockchain
"Explain the concept of a blockchain wallet, including the different types of wallets and their respective security features.",Blockchain
How does the use of blockchain technology improve the security and transparency of supply chain management systems.,Blockchain
"Describe the differences between a permissionless and permissioned blockchain, including the advantages and disadvantages of each.",Blockchain
"What is the role of cryptography in blockchain technology, including the specific cryptographic techniques used to secure transactions.",Blockchain
"Explain the concept of a decentralized application, including the benefits and potential use cases of dApps on blockchain networks.",Blockchain
"Compare and contrast the different types of blockchain consensus algorithms, including proof-of-work, proof-of-stake, and Byzantine Fault Tolerance.",Blockchain
"Describe the process of creating and deploying a smart contract on a blockchain network, including the necessary tools and programming languages.",Blockchain
"How does the use of blockchain technology improve the security and efficiency of voting systems, including the potential benefits and challenges.",Blockchain
"What is the purpose of a blockchain-based token, including the different types of tokens and their respective use cases.",Blockchain
"Explain the concept of a sidechain, including the benefits and potential use cases of interoperability between blockchain networks.",Blockchain
"Describe the differences between a centralized and decentralized blockchain network, including the advantages and disadvantages of each.",Blockchain
"How does the use of blockchain technology improve the security and transparency of identity verification systems, including the potential benefits and challenges.",Blockchain
"What is the role of oracles in blockchain technology, including the purpose and potential use cases of oracle services.",Blockchain
"Explain the concept of a decentralized finance platform, including the benefits and potential use cases of DeFi on blockchain networks.",Blockchain
"Describe the process of conducting a security audit on a blockchain-based system, including the necessary tools and techniques.",Blockchain
"Compare and contrast the different types of blockchain-based distributed ledger technologies, including blockchain, hashgraph, and corda.",Blockchain
"What are the fundamental differences between a public blockchain and a private blockchain, and how do these differences impact the security and scalability of each type of network?",Blockchain
"Explain the concept of a 51% attack in the context of blockchain, including the conditions under which such an attack could occur and the potential consequences for the affected network.",Blockchain
"Describe the role of miners in a proof-of-work blockchain, including the process by which they validate transactions and create new blocks.",Blockchain
"How does the use of smart contracts on a blockchain enable the automation of business processes, and what are some potential benefits and drawbacks of using smart contracts in this way?",Blockchain
"Compare and contrast the proof-of-work and proof-of-stake consensus algorithms, including their respective advantages and disadvantages in terms of security, scalability, and energy efficiency.",Blockchain
"What is the purpose of a blockchain's genesis block, and how does it serve as the foundation for the entire network?",Blockchain
"Explain the concept of a hard fork in the context of blockchain, including the reasons why a hard fork might be necessary and the potential consequences for the affected network.",Blockchain
"Describe the process by which a new block is added to a blockchain, including the roles of miners, nodes, and the consensus algorithm.",Blockchain
"How do blockchain-based systems ensure the integrity and consistency of their distributed ledgers, and what mechanisms are in place to prevent data tampering or manipulation?",Blockchain
"What are some potential use cases for blockchain technology beyond cryptocurrency, and how might blockchain be used to solve real-world problems in these areas?",Blockchain
"Explain the concept of a decentralized application, or dApp, and how it differs from a traditional web application.",Blockchain
"Describe the role of cryptography in blockchain, including the types of cryptographic algorithms used and the ways in which they contribute to the security of the network.",Blockchain
"What are some potential challenges and limitations of using blockchain for supply chain management, and how might these challenges be addressed?",Blockchain
"Compare and contrast the Bitcoin and Ethereum blockchain networks, including their respective architectures, use cases, and limitations.",Blockchain
"Explain the concept of gas in the context of Ethereum smart contracts, including how gas is used to measure computational effort and how it is paid for by users.",Blockchain
"Describe the process by which a user might create and deploy their own blockchain-based token, including the technical and regulatory considerations involved.",Blockchain
"How do blockchain-based systems ensure the privacy and anonymity of their users, and what are some potential trade-offs between privacy and security in this context?",Blockchain
"What are some potential risks and challenges associated with investing in blockchain-based assets, and how might investors mitigate these risks?",Blockchain
"Explain the concept of a sidechain in the context of blockchain, including the potential benefits and drawbacks of using sidechains to enable interoperability between different networks.",Blockchain
"Describe the role of oracles in blockchain, including the ways in which they provide external data to smart contracts and the potential risks and challenges associated with their use.",Blockchain
"What are some potential applications of blockchain technology in the context of identity verification and authentication, and how might blockchain be used to improve the security and efficiency of these processes?",Blockchain
"Compare and contrast permissionless and permissioned blockchain networks, including their respective advantages and disadvantages in terms of security, scalability, and usability.",Blockchain
"Explain the concept of sharding in the context of blockchain, including the potential benefits and drawbacks of using sharding to improve the scalability of a network.",Blockchain
"Describe the process by which a blockchain network might be scaled to support a large and growing user base, including the technical and regulatory considerations involved.",Blockchain
"How do blockchain-based systems ensure the security and integrity of their networks in the face of potential threats and vulnerabilities, and what mechanisms are in place to respond to and recover from security incidents?",Blockchain
What is the primary difference between a public blockchain and a private blockchain in terms of access control and node participation?,Blockchain
How does the proof-of-work consensus algorithm used in Bitcoin ensure the security and integrity of the blockchain network?,Blockchain
Explain the concept of a smart contract and its role in automating business logic on a blockchain platform like Ethereum.,Blockchain
"Describe the process of creating a new block and adding it to the blockchain, including the role of miners and the verification process.",Blockchain
"What is the purpose of the Genesis block in a blockchain network, and how does it serve as the foundation for the entire blockchain?",Blockchain
Compare and contrast the proof-of-stake and delegated proof-of-stake consensus algorithms used in various blockchain networks.,Blockchain
"How does blockchain technology enable secure and transparent supply chain management, and what are the benefits of using blockchain in this context?",Blockchain
"Explain the concept of a blockchain fork and the different types of forks that can occur, including hard forks and soft forks.",Blockchain
"What is the role of cryptography in securing blockchain transactions, and how are cryptographic algorithms used to protect user data?",Blockchain
"Describe the architecture of a blockchain-based system, including the components and layers involved in the network.",Blockchain
"How does the blockchain network handle conflicts or disagreements between nodes, and what mechanisms are in place to resolve these disputes?",Blockchain
"Explain the concept of gas and gas prices in the Ethereum blockchain, and how they relate to transaction processing and smart contract execution.",Blockchain
What are the advantages and disadvantages of using a permissionless blockchain versus a permissioned blockchain for a particular use case?,Blockchain
"Describe the process of conducting a 51% attack on a blockchain network, and what measures can be taken to prevent or mitigate such an attack.",Blockchain
"How does blockchain technology enable secure and efficient voting systems, and what are the benefits of using blockchain-based voting platforms?",Blockchain
"Explain the concept of a decentralized application, or dApp, and how it differs from a traditional web application.",Blockchain
"What is the role of the blockchain network in enabling secure and transparent identity verification, and how can blockchain-based identity management systems be used?",Blockchain
"Compare and contrast the different types of blockchain consensus algorithms, including proof-of-work, proof-of-stake, and Byzantine Fault Tolerance.",Blockchain
"How does blockchain technology enable secure and efficient cross-border payments, and what are the benefits of using blockchain-based payment systems?",Blockchain
Explain the concept of a sidechain and its role in enabling interoperability between different blockchain networks.,Blockchain
"What are the security risks and challenges associated with using blockchain technology, and how can they be mitigated or addressed?",Blockchain
"Describe the process of implementing a blockchain-based system for a specific industry or use case, including the steps involved and the considerations that must be taken into account.",Blockchain
"How does blockchain technology enable secure and transparent data management, and what are the benefits of using blockchain-based data storage solutions?",Blockchain
"Explain the concept of a decentralized finance, or DeFi, platform and its role in enabling secure and transparent financial transactions.",Blockchain
"What is the role of blockchain technology in enabling secure and efficient intellectual property management, and how can blockchain-based IP management systems be used?",Blockchain
What are the primary advantages of using a decentralized blockchain network over a traditional centralized database system for storing and managing sensitive information?,Blockchain
How does the proof-of-work consensus algorithm used in Bitcoin's blockchain prevent a single entity from controlling the network and manipulating transaction records?,Blockchain
"Describe the main differences between a public blockchain, such as Ethereum, and a private blockchain, such as Hyperledger Fabric, in terms of accessibility, security, and use cases.",Blockchain
"Explain how smart contracts on the Ethereum blockchain are executed and enforced, including the role of gas, oracles, and decentralized applications.",Blockchain
"What are the potential applications of blockchain technology in supply chain management, including tracking and verifying the origin and movement of goods?",Blockchain
"Compare and contrast the blockchain architectures of Bitcoin and Litecoin, including their differences in block size, block time, and hashing algorithms.",Blockchain
Discuss the concept of a 51% attack on a blockchain network and the measures that can be taken to prevent or mitigate such an attack.,Blockchain
"How does the use of sharding in blockchain networks, such as Ethereum 2.0, aim to improve scalability and increase transaction throughput?",Blockchain
"What are the key features and benefits of using a blockchain-based identity management system, such as Self-Sovereign Identity, for authenticating and verifying individual identities?",Blockchain
"Explain the process of creating and deploying a new blockchain network, including the selection of a consensus algorithm, network topology, and smart contract platform.",Blockchain
"Describe the role of miners in a proof-of-work blockchain network, including their responsibilities, incentives, and potential impact on network security.",Blockchain
"What are the potential risks and challenges associated with implementing blockchain technology in a financial institution, including regulatory compliance and security concerns?",Blockchain
Discuss the concept of interoperability between different blockchain networks and the potential solutions for enabling seamless interaction and data exchange between them.,Blockchain
"How does the use of zero-knowledge proofs in blockchain-based systems, such as Zcash, enable private and secure transactions without revealing sensitive information?",Blockchain
"Explain the differences between a soft fork and a hard fork in a blockchain network, including the potential consequences and use cases for each.",Blockchain
"What are the potential applications of blockchain technology in healthcare, including electronic health records, medical research, and clinical trials?",Blockchain
"Compare and contrast the security features of different blockchain platforms, including Bitcoin, Ethereum, and Hyperledger Fabric, in terms of cryptography, access control, and network topology.",Blockchain
Discuss the concept of a blockchain-based voting system and the potential benefits and challenges associated with its implementation.,Blockchain
"How does the use of game theory in blockchain-based systems, such as mechanism design, aim to create incentives for honest behavior and prevent malicious activity?",Blockchain
"Explain the process of conducting a security audit on a blockchain-based system, including the identification of potential vulnerabilities and recommendations for mitigation.",Blockchain
"What are the potential applications of blockchain technology in the Internet of Things, including supply chain management, device authentication, and data sharing?",Blockchain
"Describe the role of oracles in blockchain-based systems, including their function, types, and potential impact on smart contract execution and decentralized applications.",Blockchain
"Discuss the concept of decentralization in blockchain networks and the potential trade-offs between decentralization, scalability, and security.",Blockchain
"Explain the differences between a permissionless blockchain network, such as Bitcoin, and a permissioned blockchain network, such as Hyperledger Fabric, in terms of access control and network topology.",Blockchain
How does the use of homomorphic encryption in blockchain-based systems enable secure and private computation on encrypted data without revealing sensitive information?,Blockchain
"What are the primary sources of error in numerical computations, and how can they be mitigated in a computer program to ensure accurate results.",Numerical Computing
"Describe the differences between numerical stability and numerical accuracy, and provide examples to illustrate these concepts in the context of solving systems of linear equations.",Numerical Computing
"Explain the concept of condition number in numerical analysis, and discuss its significance in determining the sensitivity of a problem to small changes in input data.",Numerical Computing
"Compare and contrast the bisection method and the secant method for finding roots of a real-valued function, including their convergence properties and computational efficiency.",Numerical Computing
"Discuss the role of interpolation in numerical computing, and describe a situation where spline interpolation would be more appropriate than polynomial interpolation.",Numerical Computing
"Derive the formula for the forward difference approximation of the first derivative of a function, and analyze its accuracy in terms of the step size used.",Numerical Computing
"Describe a numerical method for solving the initial value problem for an ordinary differential equation, and discuss the trade-offs between accuracy and computational cost.",Numerical Computing
"Explain how the QR algorithm can be used to compute the eigenvalues and eigenvectors of a real symmetric matrix, and discuss its advantages over other methods.",Numerical Computing
"Discuss the concept of numerical dispersion in the context of solving partial differential equations, and describe a technique for minimizing its effects.",Numerical Computing
"Compare the Gaussian elimination and LU decomposition methods for solving systems of linear equations, including their computational complexity and numerical stability.",Numerical Computing
"Describe a numerical method for computing the definite integral of a function, and analyze its accuracy in terms of the number of function evaluations used.",Numerical Computing
"Derive the formula for the backward difference approximation of the first derivative of a function, and compare its accuracy with the forward difference approximation.",Numerical Computing
"Explain the concept of stiffness in the context of ordinary differential equations, and discuss the implications for numerical solution methods.",Numerical Computing
"Discuss the role of preconditioning in iterative methods for solving systems of linear equations, and describe a common preconditioning technique.",Numerical Computing
"Describe a numerical method for finding the minimum of a multivariate function, and discuss the trade-offs between convergence rate and computational cost.",Numerical Computing
Compare and contrast the explicit Euler method and the implicit Euler method for solving initial value problems for ordinary differential equations.,Numerical Computing
"Explain how the singular value decomposition can be used to solve systems of linear equations, and discuss its advantages over other methods.",Numerical Computing
"Derive the formula for the central difference approximation of the second derivative of a function, and analyze its accuracy in terms of the step size used.",Numerical Computing
"Describe a numerical method for solving the boundary value problem for an ordinary differential equation, and discuss the challenges of implementing such a method.",Numerical Computing
"Discuss the concept of parallelization in numerical computing, and describe a situation where parallelization can significantly improve computational efficiency.",Numerical Computing
"Explain how the fast Fourier transform can be used to solve partial differential equations, and discuss its advantages over other methods.",Numerical Computing
"Compare the conjugate gradient method and the GMRES method for solving systems of linear equations, including their convergence properties and computational efficiency.",Numerical Computing
"Describe a numerical method for computing the eigenvalues and eigenvectors of a non-symmetric matrix, and discuss the challenges of implementing such a method.",Numerical Computing
"Derive the formula for the trapezoidal rule approximation of a definite integral, and analyze its accuracy in terms of the number of subintervals used.",Numerical Computing
"Explain the concept of adaptive mesh refinement in the context of solving partial differential equations, and discuss its advantages over uniform mesh refinement.",Numerical Computing
"What is the primary difference between the Gauss-Seidel method and the Jacobi method for solving systems of linear equations, and how do their convergence properties compare.",Numerical Computing
"Describe the steps involved in performing polynomial interpolation using the Lagrange interpolation formula, and explain how it can be used to approximate functions.",Numerical Computing
"Explain the concept of numerical stability in the context of numerical computing, and provide an example of an unstable algorithm.",Numerical Computing
"Compare and contrast the forward and backward Euler methods for solving ordinary differential equations, including their accuracy and stability properties.",Numerical Computing
"Derive the formula for the Newton-Raphson method for finding roots of a function, and explain how it can be used to solve systems of nonlinear equations.",Numerical Computing
Discuss the advantages and disadvantages of using the bisection method versus the secant method for finding roots of a function.,Numerical Computing
Explain how the condition number of a matrix affects the accuracy of solutions obtained using numerical methods for solving systems of linear equations.,Numerical Computing
"Describe the process of performing Gaussian elimination with partial pivoting to solve a system of linear equations, and explain how it improves numerical stability.",Numerical Computing
"What is the purpose of using orthogonal polynomials, such as Chebyshev or Legendre polynomials, in numerical computations, and how are they used in practice.",Numerical Computing
"Explain the concept of a stiff system of ordinary differential equations, and describe how implicit methods can be used to solve such systems.",Numerical Computing
Compare the accuracy and efficiency of the midpoint method and the trapezoidal rule for approximating definite integrals.,Numerical Computing
"Derive the formula for the discrete least squares method for fitting a linear function to a set of data points, and explain how it can be used to solve overdetermined systems.",Numerical Computing
Discuss the trade-offs between accuracy and computational cost when using numerical methods for solving partial differential equations.,Numerical Computing
Explain how the fast Fourier transform can be used to efficiently solve partial differential equations with periodic boundary conditions.,Numerical Computing
Describe the steps involved in performing a Monte Carlo simulation to estimate the value of a multidimensional integral.,Numerical Computing
"What is the difference between a consistent and a convergent numerical method for solving differential equations, and provide an example of a method that is consistent but not convergent.",Numerical Computing
Explain how the method of undetermined coefficients can be used to solve nonhomogeneous linear differential equations.,Numerical Computing
"Compare and contrast the Runge-Kutta method of order 2 and the Runge-Kutta method of order 4 for solving ordinary differential equations, including their accuracy and computational cost.",Numerical Computing
"Describe the process of performing singular value decomposition on a matrix, and explain how it can be used to solve systems of linear equations.",Numerical Computing
"Explain the concept of a sparse matrix, and describe how sparse matrix algorithms can be used to improve the efficiency of numerical computations.",Numerical Computing
"Derive the formula for the numerical solution of the one-dimensional heat equation using the finite difference method, and explain how it can be used to solve more complex problems.",Numerical Computing
Discuss the advantages and disadvantages of using the power method versus the QR algorithm for computing the eigenvalues and eigenvectors of a matrix.,Numerical Computing
"Explain how the concept of numerical differentiation can be used to approximate the derivative of a function, and describe the sources of error in such approximations.",Numerical Computing
"Describe the steps involved in performing a least squares fit of a nonlinear function to a set of data points, and explain how it can be used to estimate model parameters.",Numerical Computing
"Explain how the method of lines can be used to solve partial differential equations, and describe the advantages and disadvantages of this approach.",Numerical Computing
"What are the main differences between numerical stability and numerical accuracy in the context of numerical computing, and how do they impact the reliability of computational results?",Numerical Computing
"Describe the concept of round-off error and its effects on numerical computations, including examples of how it can lead to inaccurate results.",Numerical Computing
"Explain the process of converting a continuous problem into a discrete one using numerical methods, and discuss the trade-offs involved in this process.",Numerical Computing
"Compare and contrast the bisection method and the secant method for finding roots of a function, including their convergence properties and computational costs.",Numerical Computing
"Discuss the role of eigenvalues and eigenvectors in numerical linear algebra, and explain how they are used in various applications such as data analysis and machine learning.",Numerical Computing
"How do numerical methods for solving ordinary differential equations, such as the Euler method and the Runge-Kutta method, differ in terms of their accuracy and computational efficiency?",Numerical Computing
"What is the purpose of using orthogonal polynomials, such as Legendre polynomials and Chebyshev polynomials, in numerical computations, and how are they applied in practice?",Numerical Computing
"Describe the concept of a numerical method's order of accuracy, and explain how it relates to the method's ability to converge to the exact solution as the step size decreases.",Numerical Computing
"Explain the difference between a direct method and an iterative method for solving systems of linear equations, including their advantages and disadvantages.",Numerical Computing
"Discuss the importance of conditioning in numerical computations, and explain how it affects the accuracy and reliability of numerical results.",Numerical Computing
Compare the numerical stability of the explicit Euler method and the implicit Euler method for solving initial value problems.,Numerical Computing
"How do numerical methods for approximating derivatives, such as finite differences and automatic differentiation, differ in terms of their accuracy and computational efficiency?",Numerical Computing
Explain the concept of a sparse matrix and how it is used to improve the efficiency of numerical computations involving large systems of linear equations.,Numerical Computing
"Discuss the role of numerical optimization techniques, such as the method of steepest descent and the conjugate gradient method, in solving large-scale optimization problems.",Numerical Computing
"Describe the process of using numerical integration methods, such as the trapezoidal rule and Simpson's rule, to approximate definite integrals.",Numerical Computing
"What are the main sources of error in numerical computations involving floating-point arithmetic, and how can they be mitigated?",Numerical Computing
"Explain the concept of a numerical method's consistency, and discuss its relationship to the method's convergence and stability.",Numerical Computing
"Compare and contrast the Jacobi method and the Gauss-Seidel method for solving systems of linear equations, including their convergence properties and computational costs.",Numerical Computing
Discuss the importance of using high-quality random number generators in numerical computations involving Monte Carlo methods.,Numerical Computing
"How do numerical methods for solving partial differential equations, such as the finite difference method and the finite element method, differ in terms of their accuracy and computational efficiency?",Numerical Computing
"Explain the concept of a numerical method's stiffness, and discuss its impact on the choice of numerical method for solving ordinary differential equations.",Numerical Computing
"Describe the process of using numerical methods, such as the power method and the QR algorithm, to compute eigenvalues and eigenvectors of a matrix.",Numerical Computing
"Discuss the role of numerical computing in solving inverse problems, and explain how techniques such as regularization and optimization are used to obtain reliable solutions.",Numerical Computing
"Explain the concept of a numerical method's dissipativity, and discuss its relationship to the method's ability to preserve the physical properties of the underlying system.",Numerical Computing
"What are the primary sources of error in numerical computations, and how can they be mitigated in a computer program that solves systems of linear equations?",Numerical Computing
Describe the concept of numerical stability in the context of solving ordinary differential equations using the Euler method.,Numerical Computing
"Compare and contrast the bisection method and the secant method for finding roots of a real-valued function, including their respective advantages and disadvantages.",Numerical Computing
"Explain the concept of condition number in numerical linear algebra, and discuss its significance in assessing the sensitivity of a linear system to small changes in its coefficients.",Numerical Computing
"Discuss the trade-offs between accuracy and computational efficiency in numerical integration, using the trapezoidal rule and Simpson's rule as examples.",Numerical Computing
"Derive the formula for the forward difference approximation of the first derivative of a function, and discuss its accuracy and limitations.",Numerical Computing
"What is the purpose of using a preconditioner in iterative methods for solving large systems of linear equations, and how does it affect the convergence rate of the algorithm?",Numerical Computing
"Analyze the numerical stability of the Runge-Kutta method for solving initial value problems, and compare it with the stability of the Euler method.",Numerical Computing
"Describe a scenario in which the use of single precision arithmetic would be sufficient for a numerical computation, and another scenario in which double precision arithmetic would be necessary.",Numerical Computing
Explain how the choice of norm affects the convergence analysis of an iterative method for solving systems of linear equations.,Numerical Computing
"Discuss the importance of scaling in numerical computations, and provide examples of how scaling can affect the accuracy and stability of numerical algorithms.",Numerical Computing
"Compare the computational complexity of direct methods and iterative methods for solving systems of linear equations, and discuss the factors that influence the choice between these two approaches.",Numerical Computing
"Derive the error bound for the approximation of a function using polynomial interpolation, and discuss the factors that affect the accuracy of the approximation.",Numerical Computing
What are the advantages and disadvantages of using a uniform grid versus an adaptive grid in numerical methods for solving partial differential equations?,Numerical Computing
"Explain the concept of stiffness in the context of ordinary differential equations, and discuss the implications of stiffness on the choice of numerical method.",Numerical Computing
Discuss the role of numerical analysis in the design and implementation of algorithms for scientific computing applications.,Numerical Computing
"Describe the main differences between explicit and implicit methods for solving initial value problems, and provide examples of each type of method.",Numerical Computing
Analyze the effect of round-off error on the computation of the determinant of a matrix using the LU decomposition method.,Numerical Computing
"Derive the formula for the backward difference approximation of the first derivative of a function, and discuss its accuracy and limitations.",Numerical Computing
"Explain how the Lanczos algorithm can be used to compute the eigenvalues and eigenvectors of a large sparse matrix, and discuss its advantages and limitations.",Numerical Computing
"Compare and contrast the conjugate gradient method and the GMRES method for solving systems of linear equations, including their respective advantages and disadvantages.",Numerical Computing
"Discuss the importance of orthogonalization in numerical methods for solving systems of linear equations, and provide examples of orthogonalization techniques.",Numerical Computing
"Derive the error bound for the approximation of a function using spline interpolation, and discuss the factors that affect the accuracy of the approximation.",Numerical Computing
"Explain the concept of sparsity in numerical linear algebra, and discuss the implications of sparsity on the design and implementation of algorithms for solving systems of linear equations.",Numerical Computing
"What are the primary factors that influence user experience in human-computer interaction, and how do they impact the overall usability of a system?",Human Computer Interaction
How do the principles of affordance and feedback contribute to the design of intuitive and user-friendly interfaces?,Human Computer Interaction
"Describe the differences between a command-line interface and a graphical user interface, and discuss the advantages and disadvantages of each.",Human Computer Interaction
"What is the concept of discoverability in human-computer interaction, and how can designers incorporate it into their interface designs?",Human Computer Interaction
"Explain the role of user personas in the design process of human-computer interaction, and discuss their benefits and limitations.",Human Computer Interaction
"What are the key elements of the Technology Acceptance Model, and how does it inform the design of user interfaces?",Human Computer Interaction
"Discuss the importance of accessibility in human-computer interaction, and describe strategies for designing accessible interfaces.",Human Computer Interaction
"How do the principles of human-computer interaction apply to the design of mobile applications, and what unique challenges do mobile devices pose for designers?",Human Computer Interaction
"What is the difference between a user-centered design approach and a system-centered design approach, and which one is more effective in human-computer interaction?",Human Computer Interaction
Explain the concept of situated cognition and its implications for the design of human-computer interfaces.,Human Computer Interaction
"Describe the process of heuristic evaluation in human-computer interaction, and discuss its strengths and weaknesses as a usability testing method.",Human Computer Interaction
"What are the key characteristics of a well-designed menu system in human-computer interaction, and how can designers create effective menus?",Human Computer Interaction
"How do the principles of human-computer interaction apply to the design of voice-based interfaces, and what unique challenges do voice-based interfaces pose for designers?",Human Computer Interaction
Explain the concept of emotional design and its role in creating engaging and satisfying user experiences.,Human Computer Interaction
"Discuss the importance of context-aware design in human-computer interaction, and describe strategies for designing context-aware interfaces.",Human Computer Interaction
"What are the benefits and drawbacks of using anthropomorphic agents in human-computer interaction, and how can designers effectively incorporate them into their designs?",Human Computer Interaction
"Describe the process of usability testing in human-computer interaction, and discuss the advantages and disadvantages of different usability testing methods.",Human Computer Interaction
"How do the principles of human-computer interaction apply to the design of virtual reality interfaces, and what unique challenges do virtual reality interfaces pose for designers?",Human Computer Interaction
Explain the concept of cognitive load and its implications for the design of human-computer interfaces.,Human Computer Interaction
"What are the key elements of a well-designed error message in human-computer interaction, and how can designers create effective error messages?",Human Computer Interaction
"Discuss the importance of user engagement in human-computer interaction, and describe strategies for designing engaging interfaces.",Human Computer Interaction
"How do the principles of human-computer interaction apply to the design of wearable technology interfaces, and what unique challenges do wearable devices pose for designers?",Human Computer Interaction
Explain the concept of social translucence and its role in designing effective collaborative interfaces.,Human Computer Interaction
"What are the benefits and drawbacks of using gamification in human-computer interaction, and how can designers effectively incorporate gamification elements into their designs?",Human Computer Interaction
"What are the primary factors that influence user experience in human-computer interaction, and how do they impact the overall usability of a system.",Human Computer Interaction
"Describe the concept of affordances in human-computer interaction, and provide examples of how they are used in graphical user interface design.",Human Computer Interaction
"Explain the difference between a command-line interface and a graphical user interface, and discuss the advantages and disadvantages of each.",Human Computer Interaction
"How do cognitive biases and heuristics influence human decision-making in human-computer interaction, and what are the implications for system design.",Human Computer Interaction
"What is the role of feedback in human-computer interaction, and how can it be used to improve the usability of a system.",Human Computer Interaction
"Discuss the importance of user-centered design in human-computer interaction, and describe the key principles and methodologies involved.",Human Computer Interaction
"Explain the concept of situated cognition in human-computer interaction, and discuss its implications for system design and user experience.",Human Computer Interaction
"What are the key factors that contribute to user engagement and motivation in human-computer interaction, and how can they be designed for.",Human Computer Interaction
"Describe the process of user testing and evaluation in human-computer interaction, and discuss the importance of iterative design and testing.",Human Computer Interaction
"How do social and cultural factors influence human-computer interaction, and what are the implications for system design and user experience.",Human Computer Interaction
"Explain the concept of accessibility in human-computer interaction, and discuss the importance of designing systems that are usable by people with disabilities.",Human Computer Interaction
"What is the role of emotion in human-computer interaction, and how can systems be designed to support emotional experience and well-being.",Human Computer Interaction
"Discuss the implications of human-computer interaction for human relationships and social interaction, and describe the potential benefits and drawbacks of technology-mediated communication.",Human Computer Interaction
"Explain the concept of embodied interaction in human-computer interaction, and discuss the implications for system design and user experience.",Human Computer Interaction
What are the key challenges and opportunities of designing human-computer interaction systems for mobile and ubiquitous computing.,Human Computer Interaction
"Describe the process of designing and evaluating a voice-based user interface, and discuss the key considerations and trade-offs involved.",Human Computer Interaction
How do human-computer interaction principles and methodologies apply to the design of systems for complex and critical tasks such as air traffic control or medical diagnosis.,Human Computer Interaction
"Explain the concept of trust in human-computer interaction, and discuss the factors that influence user trust in systems and technology.",Human Computer Interaction
"What are the implications of human-computer interaction for organizational and workplace design, and how can systems be designed to support collaborative work and communication.",Human Computer Interaction
"Discuss the role of human-computer interaction in the design of systems for education and learning, and describe the key considerations and challenges involved.",Human Computer Interaction
"Explain the concept of persuasive technology in human-computer interaction, and discuss the implications for system design and user behavior.",Human Computer Interaction
What are the key challenges and opportunities of designing human-computer interaction systems for older adults and other vulnerable populations.,Human Computer Interaction
"Describe the process of designing and evaluating a tangible user interface, and discuss the key considerations and trade-offs involved.",Human Computer Interaction
"How do human-computer interaction principles and methodologies apply to the design of systems for creative tasks such as art, music, or writing.",Human Computer Interaction
"Explain the concept of user experience in human-computer interaction, and discuss the key factors that influence user experience and satisfaction.",Human Computer Interaction
"What are the key differences between a command-line interface and a graphical user interface in terms of human computer interaction, and how do these differences impact user experience.",Human Computer Interaction
"Describe the concept of affordances in human computer interaction, and explain how designers can use affordances to create intuitive and user-friendly interfaces.",Human Computer Interaction
"Explain the difference between a high-fidelity prototype and a low-fidelity prototype in the context of human computer interaction design, and discuss the advantages and disadvantages of each.",Human Computer Interaction
"How do the principles of human-centered design influence the development of user interfaces, and what methods can designers use to incorporate user feedback into the design process.",Human Computer Interaction
"Discuss the role of accessibility in human computer interaction, and describe the ways in which designers can create interfaces that are usable by people with disabilities.",Human Computer Interaction
"What is the concept of usability engineering, and how can it be applied to the design of user interfaces to improve user experience and reduce errors.",Human Computer Interaction
"Explain the concept of user experience mapping, and discuss how it can be used to identify areas for improvement in the design of a user interface.",Human Computer Interaction
"Describe the differences between a user's mental model and a system's conceptual model, and explain how designers can use this understanding to create more intuitive interfaces.",Human Computer Interaction
"How do the principles of cognitive psychology influence the design of user interfaces, and what methods can designers use to reduce cognitive load and improve user performance.",Human Computer Interaction
"Discuss the role of feedback in human computer interaction, and describe the different types of feedback that can be used to inform users about the results of their actions.",Human Computer Interaction
"Explain the concept of interaction design patterns, and discuss how they can be used to create consistent and intuitive user interfaces.",Human Computer Interaction
"Describe the process of contextual inquiry, and explain how it can be used to gather information about users and their needs in the context of human computer interaction design.",Human Computer Interaction
"What is the difference between a push-based interface and a pull-based interface, and how do these differences impact user experience and interaction.",Human Computer Interaction
"Discuss the role of emotion in human computer interaction, and describe the ways in which designers can create interfaces that evoke positive emotional responses from users.",Human Computer Interaction
"Explain the concept of user personas, and discuss how they can be used to guide the design of user interfaces and ensure that they meet the needs of target users.",Human Computer Interaction
"How do the principles of social psychology influence the design of user interfaces, and what methods can designers use to create interfaces that support social interaction and collaboration.",Human Computer Interaction
"Describe the differences between a desktop application and a mobile application in terms of human computer interaction, and explain how these differences impact user experience and design.",Human Computer Interaction
"Explain the concept of heuristic evaluation, and discuss how it can be used to identify usability problems and improve the design of user interfaces.",Human Computer Interaction
"Discuss the role of gamification in human computer interaction, and describe the ways in which designers can use game design elements to create engaging and motivating interfaces.",Human Computer Interaction
"What is the concept of human computer interaction design patterns, and how can they be used to create consistent and intuitive user interfaces across different applications and devices.",Human Computer Interaction
"Describe the process of usability testing, and explain how it can be used to evaluate the usability of a user interface and identify areas for improvement.",Human Computer Interaction
"Explain the concept of user journey mapping, and discuss how it can be used to understand the steps that users take when interacting with a system or application.",Human Computer Interaction
"How do the principles of visual design influence the creation of user interfaces, and what methods can designers use to create visually appealing and effective interfaces.",Human Computer Interaction
"Discuss the role of natural language processing in human computer interaction, and describe the ways in which designers can use natural language processing to create more intuitive and user-friendly interfaces.",Human Computer Interaction
"Explain the concept of inclusive design, and discuss how designers can create interfaces that are usable by people of all ages and abilities.",Human Computer Interaction
"What are the primary factors that influence user experience in human-computer interaction, and how do they impact the overall usability of a system?",Human Computer Interaction
How do the principles of affordance and feedback contribute to the design of intuitive and user-friendly interfaces?,Human Computer Interaction
"Describe the differences between a command-line interface and a graphical user interface, and provide examples of when each might be more suitable.",Human Computer Interaction
"What is the concept of accessibility in human-computer interaction, and how can designers ensure that their systems are accessible to users with disabilities?",Human Computer Interaction
"Explain the concept of cognitive load in human-computer interaction, and discuss strategies for reducing cognitive load in interface design.",Human Computer Interaction
"What is the role of user personas in the design process for human-computer interaction, and how can they be used to inform design decisions?",Human Computer Interaction
Compare and contrast the design principles of user-centered design and activity-centered design in human-computer interaction.,Human Computer Interaction
"How do cultural and social factors influence user behavior and interaction with computer systems, and what implications does this have for designers?",Human Computer Interaction
"Describe the process of heuristic evaluation in human-computer interaction, and explain how it can be used to identify usability issues.",Human Computer Interaction
"What are the key differences between a user interface and a user experience, and how do designers balance these two aspects of human-computer interaction?",Human Computer Interaction
"Explain the concept of situated action in human-computer interaction, and discuss how it challenges traditional notions of user behavior and cognition.",Human Computer Interaction
"What is the role of prototyping in the design process for human-computer interaction, and how can different types of prototypes be used to test and refine designs?",Human Computer Interaction
How do designers use the principles of human-computer interaction to create systems that support collaborative work and social interaction?,Human Computer Interaction
"Describe the concept of emotional design in human-computer interaction, and explain how designers can create systems that evoke positive emotional responses from users.",Human Computer Interaction
"What are the implications of human-computer interaction for the design of systems that support learning and education, and how can designers create effective learning environments?",Human Computer Interaction
"Explain the concept of embodied interaction in human-computer interaction, and discuss how it relates to the design of systems that incorporate physical movement and gesture.",Human Computer Interaction
How do designers use the principles of human-computer interaction to create systems that support users with cognitive or motor impairments?,Human Computer Interaction
What are the key challenges and opportunities of designing human-computer interaction systems for mobile and ubiquitous computing environments?,Human Computer Interaction
"Describe the process of contextual inquiry in human-computer interaction, and explain how it can be used to inform design decisions.",Human Computer Interaction
"Explain the concept of participatory design in human-computer interaction, and discuss how it can be used to engage users in the design process.",Human Computer Interaction
"What are the implications of human-computer interaction for the design of systems that support decision-making and problem-solving, and how can designers create effective decision-support systems?",Human Computer Interaction
"How do designers use the principles of human-computer interaction to create systems that support creativity and innovation, and what are the key challenges and opportunities in this area?",Human Computer Interaction
"Describe the concept of persuasive design in human-computer interaction, and explain how designers can create systems that persuade users to adopt certain behaviors or attitudes.",Human Computer Interaction
"What are the key ethical considerations in human-computer interaction, and how can designers ensure that their systems are fair, transparent, and respectful of user rights and dignity?",Human Computer Interaction
"What are the primary characteristics that distinguish cloud computing from traditional computing paradigms, and how do these characteristics impact the design and deployment of cloud-based systems?",Cloud Computing
"How does the concept of elasticity in cloud computing enable organizations to scale their resources up or down in response to changing business needs, and what are the benefits and challenges associated with this approach?",Cloud Computing
"Compare and contrast the three main service models of cloud computing, namely Infrastructure as a Service, Platform as a Service, and Software as a Service, in terms of their features, advantages, and use cases.",Cloud Computing
"What are the key differences between public, private, and hybrid cloud deployment models, and how do these differences impact the security, scalability, and cost-effectiveness of cloud-based systems?",Cloud Computing
"Explain the role of virtualization in cloud computing, including the types of virtualization, the benefits of virtualization, and the challenges associated with managing virtualized resources in a cloud environment.",Cloud Computing
"How do cloud providers implement security measures to protect customer data and applications, and what are the most common security threats and vulnerabilities in cloud computing environments?",Cloud Computing
"What is the purpose of a cloud broker in a cloud computing environment, and how does it enable organizations to manage multiple cloud services and providers from a single interface?",Cloud Computing
"Describe the concept of cloud bursting, including its benefits, challenges, and use cases, and explain how it can be used to optimize resource utilization and reduce costs in cloud computing environments.",Cloud Computing
"Explain the difference between cloud storage and traditional storage systems, including the advantages and disadvantages of each, and describe the most common cloud storage models and protocols.",Cloud Computing
"What are the key considerations for migrating existing applications to a cloud computing environment, including the assessment of application suitability, the selection of cloud services, and the planning of migration strategies?",Cloud Computing
"How do cloud providers implement load balancing and autoscaling in their environments, and what are the benefits and challenges associated with these techniques in terms of resource utilization and application performance?",Cloud Computing
"Compare and contrast the different types of cloud storage, including block storage, file storage, and object storage, in terms of their features, advantages, and use cases.",Cloud Computing
"What are the primary benefits and challenges of using a cloud-based database management system, and how do these systems differ from traditional database management systems in terms of scalability, performance, and security?",Cloud Computing
"Explain the concept of cloud federation, including its benefits, challenges, and use cases, and describe how it enables organizations to manage multiple cloud services and providers from a single interface.",Cloud Computing
"How do cloud providers implement disaster recovery and business continuity planning in their environments, and what are the most common strategies and techniques used to ensure high availability and minimize downtime?",Cloud Computing
"What are the key considerations for ensuring compliance with regulatory requirements and industry standards in cloud computing environments, including data privacy, security, and governance?",Cloud Computing
"Describe the role of big data analytics in cloud computing, including the types of analytics, the benefits of analytics, and the challenges associated with managing and processing large datasets in cloud environments.",Cloud Computing
"Explain the concept of serverless computing, including its benefits, challenges, and use cases, and describe how it enables organizations to build scalable and cost-effective applications without managing infrastructure.",Cloud Computing
"What are the primary benefits and challenges of using a cloud-based integration platform, and how do these platforms enable organizations to integrate multiple applications and services in a scalable and secure manner?",Cloud Computing
"How do cloud providers implement identity and access management in their environments, and what are the most common identity and access management models and protocols used in cloud computing?",Cloud Computing
"Compare and contrast the different types of cloud management platforms, including cloud infrastructure management, cloud application management, and cloud security management, in terms of their features, advantages, and use cases.",Cloud Computing
"What are the key considerations for ensuring network security in cloud computing environments, including firewalls, intrusion detection, and encryption, and how do these considerations impact the design and deployment of cloud-based systems?",Cloud Computing
"Explain the concept of edge computing, including its benefits, challenges, and use cases, and describe how it enables organizations to process data closer to the source and reduce latency in cloud computing environments.",Cloud Computing
"How do cloud providers implement artificial intelligence and machine learning in their environments, and what are the most common AI and ML use cases in cloud computing, including predictive analytics, natural language processing, and computer vision?",Cloud Computing
"What are the primary characteristics that distinguish cloud computing from traditional computing paradigms, and how do these characteristics impact the design and deployment of cloud-based systems?",Cloud Computing
"How does the concept of elasticity in cloud computing enable organizations to scale their computing resources up or down to match changing business needs, and what are the key benefits and challenges associated with this approach?",Cloud Computing
"Compare and contrast the three main service models of cloud computing: Infrastructure as a Service, Platform as a Service, and Software as a Service, in terms of their advantages, disadvantages, and use cases.",Cloud Computing
"What is the role of virtualization in cloud computing, and how does it enable multiple virtual machines to run on a single physical host, improving resource utilization and flexibility?",Cloud Computing
"Describe the key components and functionalities of a cloud management platform, including resource provisioning, monitoring, and billing, and explain how these components interact to support cloud service delivery.",Cloud Computing
"Explain the concept of cloud bursting, where an application runs primarily on-premises but can burst into the cloud to access additional computing resources during periods of high demand, and discuss the benefits and challenges of this approach.",Cloud Computing
"How do cloud computing providers implement security measures to protect customer data and applications, including encryption, access controls, and network security, and what are the key security risks and challenges associated with cloud computing?",Cloud Computing
"What are the main differences between public, private, and hybrid cloud deployment models, and how do organizations choose the most suitable model based on their specific needs and requirements?",Cloud Computing
"Discuss the role of containerization in cloud computing, including the use of Docker and Kubernetes, and explain how containerization enables greater flexibility, portability, and efficiency in deploying and managing cloud-based applications.",Cloud Computing
"Explain the concept of serverless computing, where the cloud provider manages the infrastructure and dynamically allocates computing resources as needed, and discuss the benefits and challenges of this approach, including cost savings and vendor lock-in.",Cloud Computing
"Describe the key characteristics and benefits of a cloud-based data warehouse, including scalability, flexibility, and cost-effectiveness, and explain how cloud-based data warehousing can support business intelligence and data analytics use cases.",Cloud Computing
"How do cloud computing providers implement disaster recovery and business continuity measures to ensure high availability and minimize downtime in the event of outages or disasters, and what are the key considerations and best practices for cloud-based disaster recovery?",Cloud Computing
"What are the main challenges and limitations associated with migrating existing applications to the cloud, including issues related to compatibility, performance, and security, and how can organizations overcome these challenges through careful planning and testing?",Cloud Computing
"Explain the concept of cloud-based identity and access management, including the use of federated identity and single sign-on, and discuss the benefits and challenges of implementing cloud-based IAM solutions.",Cloud Computing
"Discuss the role of big data and analytics in cloud computing, including the use of Hadoop, Spark, and NoSQL databases, and explain how cloud-based big data analytics can support business decision-making and innovation.",Cloud Computing
"How do cloud computing providers implement networking and connectivity measures to support communication between cloud-based resources and on-premises systems, including the use of VPNs, VLANs, and SD-WANs?",Cloud Computing
"What are the key considerations and best practices for ensuring compliance with regulatory requirements and industry standards in cloud computing, including data sovereignty, data protection, and audit logging?",Cloud Computing
"Explain the concept of cloud-based DevOps, including the use of continuous integration and continuous delivery, and discuss the benefits and challenges of implementing cloud-based DevOps practices, including cultural and process changes.",Cloud Computing
"Describe the key characteristics and benefits of a cloud-based content delivery network, including improved performance, reduced latency, and enhanced security, and explain how cloud-based CDNs can support digital media and e-commerce use cases.",Cloud Computing
"How do cloud computing providers implement data backup and archiving measures to ensure data protection and durability, including the use of snapshotting, replication, and versioning, and what are the key considerations and best practices for cloud-based data backup and archiving?",Cloud Computing
"What are the main differences between cloud-based relational databases and NoSQL databases, including their strengths, weaknesses, and use cases, and how do organizations choose the most suitable database model based on their specific needs and requirements?",Cloud Computing
"Discuss the role of artificial intelligence and machine learning in cloud computing, including the use of cloud-based AI and ML services, and explain how cloud-based AI and ML can support business innovation and decision-making.",Cloud Computing
"Explain the concept of cloud-based edge computing, where data processing and analysis occur at the edge of the network, closer to the source of the data, and discuss the benefits and challenges of this approach, including reduced latency and improved real-time processing.",Cloud Computing
"How do cloud computing providers implement cost optimization and cost management measures to help customers reduce their cloud spending, including the use of reserved instances, spot instances, and rightsizing, and what are the key considerations and best practices for cloud cost optimization?",Cloud Computing
"What are the primary benefits of using a cloud-based infrastructure as a service model for deploying web applications, and how do these benefits impact the overall cost and scalability of the application?",Cloud Computing
"Describe the key differences between public, private, and hybrid cloud deployment models, and provide examples of when each model would be most suitable for a given organization.",Cloud Computing
"Explain the concept of elasticity in cloud computing, and discuss how it enables cloud providers to dynamically allocate and deallocate resources in response to changing workload demands.",Cloud Computing
"What is the role of the hypervisor in a cloud computing environment, and how does it enable multiple virtual machines to run on a single physical host?",Cloud Computing
Compare and contrast the security risks and benefits associated with storing sensitive data in a public cloud versus a private cloud.,Cloud Computing
"How do cloud providers implement load balancing and autoscaling in their infrastructure, and what are the benefits and limitations of these approaches?",Cloud Computing
"What are the key considerations for designing a cloud-based system that is highly available and fault-tolerant, and how can these considerations be addressed through the use of cloud services?",Cloud Computing
"Explain the concept of a cloud bursting architecture, and discuss the benefits and challenges of implementing such an architecture in a hybrid cloud environment.",Cloud Computing
"Describe the different types of cloud storage models, including block, file, and object storage, and discuss the use cases for each.",Cloud Computing
"What are the primary advantages and disadvantages of using a platform-as-a-service model for deploying web applications, and how do these trade-offs impact the development process?",Cloud Computing
"How do cloud providers implement identity and access management in their infrastructure, and what are the benefits and limitations of these approaches?",Cloud Computing
"Explain the concept of a microservices architecture, and discuss how cloud computing enables the adoption of such an architecture.",Cloud Computing
"What are the key considerations for migrating an existing on-premises application to a cloud-based infrastructure, and how can these considerations be addressed through the use of cloud services?",Cloud Computing
"Compare and contrast the different types of cloud service models, including infrastructure-as-a-service, platform-as-a-service, and software-as-a-service.",Cloud Computing
"Describe the role of the cloud broker in a cloud computing environment, and discuss the benefits and limitations of using a cloud broker to manage cloud services.",Cloud Computing
"Explain the concept of big data in cloud computing, and discuss the benefits and challenges of processing and analyzing large datasets in a cloud environment.",Cloud Computing
"What are the primary security risks associated with using a public cloud, and how can these risks be mitigated through the use of cloud security services?",Cloud Computing
"How do cloud providers implement disaster recovery and business continuity in their infrastructure, and what are the benefits and limitations of these approaches?",Cloud Computing
"Describe the different types of cloud networking models, including virtual private clouds and virtual networks, and discuss the use cases for each.",Cloud Computing
"Explain the concept of a serverless architecture, and discuss how cloud computing enables the adoption of such an architecture.",Cloud Computing
"What are the key considerations for designing a cloud-based system that is compliant with regulatory requirements, such as HIPAA and PCI-DSS, and how can these considerations be addressed through the use of cloud services?",Cloud Computing
"Compare and contrast the different types of cloud deployment models for big data analytics, including cloud-based Hadoop and Spark.",Cloud Computing
"Describe the role of the cloud auditor in a cloud computing environment, and discuss the benefits and limitations of using a cloud auditor to ensure compliance with regulatory requirements.",Cloud Computing
"Explain the concept of cloud-based continuous integration and continuous deployment, and discuss the benefits and challenges of implementing such a pipeline in a cloud environment.",Cloud Computing
"What are the primary advantages and disadvantages of using a community cloud, and how do these trade-offs impact the adoption of cloud services by small and medium-sized businesses?",Cloud Computing
"What are the primary characteristics that distinguish cloud computing from traditional computing paradigms, and how do these characteristics impact the design of cloud-based systems?",Cloud Computing
"How does the concept of elasticity in cloud computing enable organizations to scale their computing resources up or down to match changing business needs, and what are the benefits and challenges associated with this approach?",Cloud Computing
"Describe the differences between the public, private, and hybrid cloud deployment models, including the advantages and disadvantages of each, and provide examples of scenarios where each model might be most appropriate.",Cloud Computing
"Explain the role of virtualization in cloud computing, including the types of virtualization that are commonly used, such as server virtualization, storage virtualization, and network virtualization, and describe how these technologies enable cloud providers to deliver multi-tenancy and resource pooling.",Cloud Computing
"What are the key security concerns in cloud computing, including data breaches, unauthorized access, and denial-of-service attacks, and how can cloud providers and users mitigate these risks through the use of security measures such as encryption, firewalls, and access controls?",Cloud Computing
"Compare and contrast the Infrastructure as a Service (IaaS), Platform as a Service (PaaS), and Software as a Service (SaaS) service models in cloud computing, including the levels of control and management responsibility provided to users in each model.",Cloud Computing
"Describe the concept of cloud bursting, including the scenarios in which it is most useful, such as handling sudden spikes in workload demand, and explain how cloud bursting can be implemented using a combination of private and public cloud resources.",Cloud Computing
"Explain the importance of service-level agreements (SLAs) in cloud computing, including the types of guarantees and warranties that cloud providers typically offer to users, such as uptime, performance, and security commitments.",Cloud Computing
"How do cloud providers use load balancing and autoscaling techniques to ensure that cloud-based applications can handle changes in workload demand, and what are the benefits and challenges associated with these approaches?",Cloud Computing
"What are the trade-offs between using a cloud provider's proprietary APIs and using open standards and APIs, such as those provided by the Open Cloud Computing Interface (OCCI), and how do these choices impact the portability and interoperability of cloud-based applications?",Cloud Computing
"Describe the role of big data analytics in cloud computing, including the types of data that are typically analyzed, such as customer behavior and sensor data, and explain how cloud-based big data analytics can be used to drive business insights and decision-making.",Cloud Computing
"Explain the concept of cloud federation, including the benefits and challenges of federating multiple cloud providers, such as improved resource utilization and increased complexity, and describe the types of use cases that are most suitable for cloud federation.",Cloud Computing
"How do cloud providers use metering and billing systems to track and charge for resource usage, and what are the implications of these systems for users, including the potential for cost optimization and resource utilization optimization?",Cloud Computing
"What are the key considerations for migrating existing applications to the cloud, including the types of changes that may be required to the application code, data, and infrastructure, and explain how cloud providers can support this migration process.",Cloud Computing
"Describe the role of containerization in cloud computing, including the benefits and challenges of using containerization technologies such as Docker, and explain how containerization can be used to improve the deployment and management of cloud-based applications.",Cloud Computing
"Explain the concept of serverless computing, including the benefits and challenges of using serverless platforms, such as AWS Lambda, and describe the types of use cases that are most suitable for serverless computing, such as real-time data processing and event-driven applications.",Cloud Computing
"How do cloud providers use identity and access management (IAM) systems to control access to cloud resources, and what are the implications of these systems for users, including the potential for improved security and compliance?",Cloud Computing
"What are the key considerations for ensuring the compliance and governance of cloud-based applications, including the types of regulations and standards that must be met, such as GDPR and HIPAA, and explain how cloud providers can support this process.",Cloud Computing
"Describe the role of edge computing in cloud computing, including the benefits and challenges of using edge computing technologies, such as reduced latency and improved real-time processing, and explain how edge computing can be used to support IoT and other use cases.",Cloud Computing
"Explain the concept of cloud-based disaster recovery, including the benefits and challenges of using cloud providers to support disaster recovery, and describe the types of use cases that are most suitable for cloud-based disaster recovery, such as data backup and business continuity.",Cloud Computing
"How do cloud providers use artificial intelligence (AI) and machine learning (ML) to improve the management and optimization of cloud resources, and what are the implications of these technologies for users, including the potential for improved performance and cost optimization?",Cloud Computing
"What are the key considerations for designing and implementing cloud-based architectures, including the types of design patterns and principles that should be used, such as scalability and availability, and explain how cloud providers can support this process.",Cloud Computing
"Describe the role of blockchain in cloud computing, including the benefits and challenges of using blockchain technologies, such as improved security and transparency, and explain how blockchain can be used to support cloud-based use cases, such as supply chain management and smart contracts.",Cloud Computing
"Explain the concept of cloud-based DevOps, including the benefits and challenges of using cloud providers to support DevOps practices, such as continuous integration and continuous delivery, and describe the types of use cases that are most suitable for cloud-based DevOps, such as agile development and deployment.",Cloud Computing
"What are the primary differences between native and cross-platform mobile app development approaches, and how do they impact the overall development process and user experience.",Mobile App Development
"Explain the role of Activity and Fragment classes in Android app development, and how they contribute to the overall architecture of an Android application.",Mobile App Development
"Describe the key features and benefits of using React Native for cross-platform mobile app development, including its impact on development time and code reuse.",Mobile App Development
How do mobile operating systems utilize sandboxing to enhance security and prevent malicious apps from compromising user data and device functionality.,Mobile App Development
Compare and contrast the iOS and Android platform's approaches to handling memory management and garbage collection in mobile apps.,Mobile App Development
"What are the advantages and disadvantages of using a Model-View-Controller (MVC) architecture in mobile app development, and how can it be effectively implemented.",Mobile App Development
"Discuss the importance of optimizing mobile app performance, including techniques for minimizing latency, reducing battery consumption, and improving overall responsiveness.",Mobile App Development
"Explain the concept of a mobile app's lifecycle, including the various states an app can be in, and how developers can effectively manage these states to ensure a seamless user experience.",Mobile App Development
"How do push notifications work in mobile apps, and what are the different types of push notifications that can be used to engage users and enhance the overall app experience.",Mobile App Development
"Describe the process of publishing a mobile app to the Apple App Store, including the preparation, submission, and review stages.",Mobile App Development
What are the key considerations and best practices for designing and implementing a secure authentication and authorization system in a mobile app.,Mobile App Development
"Explain the role of Core Data in iOS app development, and how it can be used to manage and persist data in a mobile application.",Mobile App Development
"Compare and contrast the different types of mobile app testing, including unit testing, integration testing, and user acceptance testing.",Mobile App Development
"How do mobile apps utilize location services and GPS to provide location-based features and functionality, and what are the associated security and privacy concerns.",Mobile App Development
"Discuss the importance of accessibility in mobile app development, including techniques for ensuring that apps are usable by people with disabilities.",Mobile App Development
"Explain the concept of a mobile app's UI thread, and how developers can effectively manage the UI thread to prevent freezing and ensure a responsive user interface.",Mobile App Development
"What are the benefits and challenges of using a microservices architecture in mobile app development, and how can it be effectively implemented.",Mobile App Development
"Describe the process of conducting a mobile app's technical requirements gathering and analysis, including the identification of functional and non-functional requirements.",Mobile App Development
"How do mobile operating systems handle multitasking and background processing, and what are the implications for mobile app development.",Mobile App Development
"Explain the role of Firebase in mobile app development, and how it can be used to provide a range of features and services, including authentication, real-time database, and cloud messaging.",Mobile App Development
What are the key considerations and best practices for designing and implementing a scalable and fault-tolerant mobile app backend infrastructure.,Mobile App Development
"Discuss the importance of user experience (UX) design in mobile app development, including techniques for creating intuitive and engaging user interfaces.",Mobile App Development
"Explain the concept of dependency injection in mobile app development, and how it can be used to simplify code and improve maintainability.",Mobile App Development
"How do mobile apps utilize machine learning and artificial intelligence to provide personalized and adaptive features and functionality, and what are the associated challenges and limitations.",Mobile App Development
"Describe the process of conducting a mobile app's usability testing and analysis, including the identification of usability issues and the implementation of design improvements.",Mobile App Development
"What are the primary differences between native and cross-platform mobile app development approaches, and how do they impact the overall user experience and development cycle.",Mobile App Development
"Explain the concept of Model-View-Controller architecture in mobile app development, and provide examples of its implementation in popular mobile frameworks.",Mobile App Development
"Describe the process of designing and implementing a location-based service in a mobile app, including the use of GPS, cell ID, and Wi-Fi triangulation.",Mobile App Development
"How do mobile operating systems manage memory and resources to prevent app crashes and ensure a smooth user experience, and what role do developers play in optimizing app performance.",Mobile App Development
"Compare and contrast the different types of mobile app testing, including unit testing, integration testing, and user acceptance testing, and discuss their importance in the development cycle.",Mobile App Development
"What are the key considerations for developing mobile apps that require access to sensitive user data, such as financial information or personal health records.",Mobile App Development
"Explain the concept of responsive design in mobile app development, and provide examples of how it can be used to create a seamless user experience across different screen sizes and devices.",Mobile App Development
"Describe the process of implementing push notifications in a mobile app, including the use of platform-specific APIs and third-party services.",Mobile App Development
"How do mobile apps handle errors and exceptions, and what strategies can be used to debug and troubleshoot issues in a production environment.",Mobile App Development
"What are the advantages and disadvantages of using a microservices architecture in mobile app development, and how does it impact the overall complexity and maintainability of the app.",Mobile App Development
"Explain the concept of continuous integration and continuous deployment in mobile app development, and discuss the benefits and challenges of implementing a CI/CD pipeline.",Mobile App Development
"Describe the process of optimizing mobile app performance for low-end devices, including techniques such as caching, compression, and lazy loading.",Mobile App Development
"Compare and contrast the different mobile app monetization strategies, including in-app purchases, subscriptions, and advertising, and discuss their impact on user engagement and revenue.",Mobile App Development
"What are the key security considerations for developing mobile apps that handle sensitive user data, and how can developers protect against common threats such as data breaches and malware attacks.",Mobile App Development
"Explain the concept of augmented reality in mobile app development, and provide examples of how it can be used to create immersive and interactive user experiences.",Mobile App Development
"Describe the process of implementing social media sharing and integration in a mobile app, including the use of platform-specific APIs and third-party services.",Mobile App Development
"How do mobile operating systems handle multitasking and background processing, and what role do developers play in optimizing app performance and battery life.",Mobile App Development
"What are the advantages and disadvantages of using a hybrid approach to mobile app development, and how does it impact the overall complexity and maintainability of the app.",Mobile App Development
"Explain the concept of accessibility in mobile app development, and provide examples of how developers can create inclusive and usable interfaces for users with disabilities.",Mobile App Development
"Describe the process of conducting user research and testing in mobile app development, including the use of wireframes, prototypes, and usability studies.",Mobile App Development
"Compare and contrast the different mobile app analytics tools and platforms, including Google Analytics and Firebase, and discuss their impact on app optimization and decision-making.",Mobile App Development
"What are the key considerations for developing mobile apps that require real-time communication and collaboration, such as video conferencing or live streaming.",Mobile App Development
"Explain the concept of machine learning in mobile app development, and provide examples of how it can be used to create personalized and adaptive user experiences.",Mobile App Development
"Describe the process of implementing gamification elements in a mobile app, including the use of rewards, leaderboards, and social sharing.",Mobile App Development
"How do mobile apps handle different screen sizes and devices, and what strategies can be used to create a consistent and optimized user experience across different form factors.",Mobile App Development
"What are the advantages and disadvantages of using a cloud-based backend for mobile app development, and how does it impact the overall scalability and maintainability of the app.",Mobile App Development
"What are the primary differences between native and cross-platform mobile app development approaches, and how do they impact the overall user experience.",Mobile App Development
"Describe the role of the Model-View-Controller architectural pattern in mobile app development, and explain how it facilitates the separation of concerns.",Mobile App Development
"How do mobile operating systems utilize sandboxing to enhance the security and privacy of user data, and what are the implications for app development.",Mobile App Development
"Compare and contrast the use of React Native and Flutter for building cross-platform mobile applications, including their strengths and weaknesses.",Mobile App Development
"Explain the concept of asynchronous programming in mobile app development, and describe how it is used to improve the responsiveness and performance of mobile apps.",Mobile App Development
"What are the key considerations for designing and implementing a scalable and secure backend infrastructure for a mobile app, including data storage and networking.",Mobile App Development
"Discuss the importance of user experience and user interface design in mobile app development, and explain how to apply human-centered design principles to create engaging and intuitive apps.",Mobile App Development
"How do mobile apps utilize push notifications, and what are the best practices for implementing push notification systems that respect user preferences and minimize interruptions.",Mobile App Development
"Describe the process of conducting usability testing and gathering feedback for a mobile app, and explain how to incorporate the results into the app development lifecycle.",Mobile App Development
"What are the differences between various mobile app distribution channels, such as the Apple App Store and Google Play Store, and how do they impact the app development and publishing process.",Mobile App Development
"Explain the concept of mobile app analytics, and describe how to use tools like Google Analytics to track user behavior, measure app performance, and inform data-driven design decisions.",Mobile App Development
"Compare and contrast the use of relational databases and NoSQL databases in mobile app development, including their advantages and disadvantages.",Mobile App Development
"How do mobile operating systems provide accessibility features and APIs for developers to create inclusive and accessible mobile apps, and what are the best practices for implementing accessibility in mobile app development.",Mobile App Development
"Describe the role of APIs and web services in mobile app development, and explain how to design and implement RESTful APIs that provide a secure and scalable interface for data exchange.",Mobile App Development
"What are the key security risks and vulnerabilities associated with mobile app development, and how can developers mitigate them through secure coding practices and encryption techniques.",Mobile App Development
"Explain the concept of continuous integration and continuous deployment in mobile app development, and describe how to use tools like Jenkins and Fastlane to automate the build, test, and deployment process.",Mobile App Development
"Discuss the importance of testing and quality assurance in mobile app development, and explain how to use unit testing, integration testing, and UI testing to ensure the reliability and stability of mobile apps.",Mobile App Development
"How do mobile apps utilize machine learning and artificial intelligence, and what are the potential applications and challenges of integrating ML and AI into mobile app development.",Mobile App Development
"Describe the process of localizing and internationalizing a mobile app, and explain how to use platform-specific APIs and third-party libraries to support multiple languages and regions.",Mobile App Development
"What are the differences between various mobile app monetization strategies, such as in-app purchases, subscriptions, and advertising, and how do they impact the app development and publishing process.",Mobile App Development
"Explain the concept of augmented reality and virtual reality in mobile app development, and describe how to use platforms like ARKit and ARCore to create immersive and interactive experiences.",Mobile App Development
"Compare and contrast the use of native modules and third-party libraries in mobile app development, including their advantages and disadvantages.",Mobile App Development
"How do mobile operating systems provide features and APIs for developers to create mobile apps that integrate with wearable devices and other peripherals, and what are the potential applications and challenges of wearable device integration.",Mobile App Development
"Describe the role of cloud computing in mobile app development, and explain how to use cloud-based services like AWS and Azure to provide scalable and secure infrastructure for mobile apps.",Mobile App Development
"What are the key considerations for designing and implementing a mobile app that provides a seamless and intuitive experience across multiple devices and platforms, including smartphones, tablets, and smartwatches.",Mobile App Development
"What are the key differences between native and cross-platform mobile app development approaches, and how do they impact the overall development process and user experience.",Mobile App Development
"How does the Model-View-Controller architectural pattern apply to mobile app development, and what benefits does it provide in terms of code organization and maintainability.",Mobile App Development
"Explain the concept of fragmentation in Android app development, and describe strategies for handling different screen sizes, densities, and device capabilities.",Mobile App Development
"What is the purpose of the AndroidManifest.xml file in an Android app, and what types of information does it contain about the app's components and permissions.",Mobile App Development
"Describe the process of designing and implementing a responsive user interface for a mobile app, including considerations for layout, typography, and graphics.",Mobile App Development
"What are the advantages and disadvantages of using a hybrid app development framework such as React Native or Ionic, and how do they compare to native development approaches.",Mobile App Development
"Explain the concept of a mobile app's lifecycle, including the different states an app can be in, such as active, paused, and terminated, and how these states impact app behavior.",Mobile App Development
"How do mobile operating systems such as iOS and Android handle memory management and garbage collection, and what implications does this have for app developers.",Mobile App Development
"Describe the process of implementing push notifications in a mobile app, including the role of platforms such as Firebase Cloud Messaging and Apple Push Notification Service.",Mobile App Development
"What are the key considerations for ensuring the security and privacy of user data in a mobile app, including data storage, encryption, and authentication mechanisms.",Mobile App Development
"Explain the concept of dependency injection in mobile app development, and describe how it can be used to improve code modularity and testability.",Mobile App Development
"Describe the process of conducting usability testing and gathering feedback for a mobile app, including methods for recruiting participants and analyzing test results.",Mobile App Development
"What are the advantages and disadvantages of using a microservices architecture in mobile app development, and how does it compare to traditional monolithic architectures.",Mobile App Development
"Explain the concept of app indexing and deep linking, and describe how they can be used to improve the discoverability and engagement of a mobile app.",Mobile App Development
"How do mobile app analytics platforms such as Google Analytics and Firebase Analytics provide insights into app usage and user behavior, and what types of data can they collect.",Mobile App Development
"Describe the process of implementing in-app purchases and subscription-based models in a mobile app, including the role of platforms such as the App Store and Google Play.",Mobile App Development
"What are the key considerations for optimizing the performance and battery life of a mobile app, including strategies for reducing power consumption and improving responsiveness.",Mobile App Development
"Explain the concept of accessibility in mobile app development, and describe how developers can design and implement accessible user interfaces and features.",Mobile App Development
"Describe the process of creating and publishing a mobile app on the App Store and Google Play, including the preparation of marketing materials and submission guidelines.",Mobile App Development
"What are the advantages and disadvantages of using a cloud-based backend service such as AWS Amplify or Google Cloud Firebase in mobile app development, and how do they compare to traditional server-side approaches.",Mobile App Development
"Explain the concept of machine learning and artificial intelligence in mobile app development, and describe how they can be used to improve app functionality and user experience.",Mobile App Development
"How do mobile operating systems such as iOS and Android provide support for augmented reality and virtual reality experiences, and what types of apps can benefit from these technologies.",Mobile App Development
"Describe the process of implementing social media sharing and integration in a mobile app, including the role of platforms such as Facebook and Twitter.",Mobile App Development
"What are the key considerations for ensuring the scalability and reliability of a mobile app, including strategies for handling large user bases and high traffic volumes.",Mobile App Development
"Explain the concept of continuous integration and continuous deployment in mobile app development, and describe how they can be used to improve the development process and reduce time-to-market.",Mobile App Development
"What are the primary differences between supervised and unsupervised learning algorithms in the context of data science, and how do you decide which type to use for a given problem.",Data Science
Describe the concept of overfitting in machine learning models and explain how techniques such as regularization and cross-validation can be used to prevent it.,Data Science
"Explain the role of data preprocessing in the data science workflow, including data cleaning, feature scaling, and handling missing values.",Data Science
Compare and contrast the advantages and disadvantages of using parametric versus non-parametric statistical methods in data analysis.,Data Science
"How do you evaluate the performance of a classification model, and what metrics would you use to compare the performance of different models.",Data Science
"What is the purpose of dimensionality reduction in data science, and how do techniques such as PCA and t-SNE achieve this goal.",Data Science
"Describe the concept of bias-variance tradeoff in machine learning models, and explain how it relates to model complexity and generalization error.",Data Science
"Explain the difference between a Type I error and a Type II error in statistical hypothesis testing, and provide examples of when each might occur.",Data Science
"What are the key considerations when designing a data science project, including problem definition, data collection, and model deployment.",Data Science
"Compare and contrast the characteristics of relational databases and NoSQL databases, and explain when you would use each in a data science application.",Data Science
"Explain the concept of clustering in unsupervised learning, and describe how algorithms such as k-means and hierarchical clustering work.",Data Science
"How do you handle imbalanced datasets in machine learning, where one class has a significantly larger number of instances than the others.",Data Science
"What is the role of feature engineering in data science, and how can it improve the performance of machine learning models.",Data Science
"Describe the process of creating a recommender system using collaborative filtering, and explain how it can be used in applications such as product recommendation.",Data Science
"Explain the concept of deep learning, including the architecture of neural networks and the types of problems they are well-suited to solve.",Data Science
What are the advantages and disadvantages of using decision trees versus random forests for classification and regression tasks.,Data Science
"Compare and contrast the characteristics of batch processing and stream processing in big data analytics, and explain when you would use each.",Data Science
"How do you evaluate the interpretability of a machine learning model, and what techniques can be used to improve interpretability.",Data Science
"Explain the concept of transfer learning, and describe how it can be used to adapt pre-trained models to new domains or tasks.",Data Science
"What are the key considerations when working with time series data, including handling trends, seasonality, and stationarity.",Data Science
"Describe the process of creating a predictive model using gradient boosting, and explain how it can be used for classification and regression tasks.",Data Science
"Explain the concept of anomaly detection, and describe how algorithms such as One-Class SVM and Local Outlier Factor can be used to identify unusual patterns in data.",Data Science
"How do you handle missing values in a dataset, including using imputation methods and sensitivity analysis to understand the impact on model performance.",Data Science
"What are the advantages and disadvantages of using Python versus R for data science tasks, and how do you choose between the two languages for a given project.",Data Science
"Explain the concept of model explainability, and describe how techniques such as SHAP and LIME can be used to provide insights into model decisions.",Data Science
"Describe the process of deploying a machine learning model in a production environment, including model serving, monitoring, and maintenance.",Data Science
"What are the primary differences between supervised and unsupervised learning algorithms in the context of data science, and how do you decide which type to use for a given problem.",Data Science
"Explain the concept of overfitting in machine learning models and describe techniques to prevent it, including regularization and cross-validation.",Data Science
"Describe the role of data preprocessing in a data science workflow, including handling missing values, data normalization, and feature scaling.",Data Science
Compare and contrast the advantages and disadvantages of using decision trees versus random forests for classification tasks in data science.,Data Science
"How does the choice of evaluation metric, such as precision, recall, or F1 score, impact the assessment of a classification model's performance in data science.",Data Science
"Discuss the importance of data visualization in data science, including the types of plots used for different data types and the role of visualization in exploratory data analysis.",Data Science
"What are the key considerations when selecting a suitable algorithm for clustering large datasets, including the choice of distance metric and initialization method.",Data Science
Explain the concept of bias-variance tradeoff in machine learning and describe how it affects model selection and hyperparameter tuning in data science.,Data Science
"Describe the process of feature engineering in data science, including the creation of new features through transformations and combinations of existing features.",Data Science
"How do you handle class imbalance in classification problems, including techniques such as oversampling the minority class, undersampling the majority class, and using class weights.",Data Science
Compare the strengths and weaknesses of using linear regression versus logistic regression for predictive modeling in data science.,Data Science
"Explain the concept of regularization in linear regression, including ridge regression and Lasso regression, and describe their applications in data science.",Data Science
"Describe the role of dimensionality reduction techniques, such as PCA and t-SNE, in data science, including their use in visualization and feature extraction.",Data Science
"Discuss the importance of model interpretability in data science, including techniques such as feature importance and partial dependence plots.",Data Science
"What are the primary differences between parametric and non-parametric statistical tests, and how do you choose between them in data science applications.",Data Science
"Explain the concept of transfer learning in deep learning, including its applications in computer vision and natural language processing tasks in data science.",Data Science
"Describe the process of hyperparameter tuning in machine learning, including grid search, random search, and Bayesian optimization.",Data Science
Compare and contrast the advantages and disadvantages of using support vector machines versus neural networks for classification tasks in data science.,Data Science
"How does the choice of activation function, such as sigmoid, ReLU, or tanh, impact the performance of a neural network in data science applications.",Data Science
"Explain the concept of ensemble learning, including bagging and boosting, and describe their applications in data science.",Data Science
"Describe the role of resampling methods, such as bootstrapping and cross-validation, in evaluating the performance of machine learning models in data science.",Data Science
"Discuss the importance of data quality and data cleaning in data science, including handling outliers, duplicates, and inconsistent data.",Data Science
"What are the primary considerations when designing and implementing a recommender system, including the choice of algorithm and evaluation metric.",Data Science
"Explain the concept of natural language processing in data science, including text preprocessing, sentiment analysis, and topic modeling.",Data Science
"Describe the process of time series forecasting, including the use of ARIMA, Prophet, and LSTM models, and discuss their applications in data science.",Data Science
"What are the primary differences between supervised and unsupervised learning algorithms in the context of data science, and how do you decide which type to use for a given problem.",Data Science
"How does the concept of overfitting affect the performance of a machine learning model, and what techniques can be used to prevent or mitigate it.",Data Science
"Describe the role of data preprocessing in the data science workflow, including the steps involved and the importance of each step.",Data Science
"Compare and contrast the concepts of precision and recall in evaluating the performance of a classification model, and explain how the F1 score is used to balance these two metrics.",Data Science
"Explain the concept of regularization in machine learning, including the different types of regularization techniques and how they are used to prevent overfitting.",Data Science
"What is the purpose of feature scaling in machine learning, and how do you decide which scaling method to use for a given dataset.",Data Science
"How does the choice of evaluation metric affect the comparison of different machine learning models, and what are some common evaluation metrics used in classification and regression problems.",Data Science
"Describe the concept of bias-variance tradeoff in machine learning, and explain how it relates to the choice of model complexity and regularization techniques.",Data Science
"Explain the difference between a parametric and non-parametric statistical test, and provide examples of when each type of test would be used in data science.",Data Science
"What is the role of dimensionality reduction in data science, and how do techniques such as PCA and t-SNE help to reduce the number of features in a dataset.",Data Science
"Compare and contrast the concepts of type I and type II errors in statistical hypothesis testing, and explain how to interpret the results of a hypothesis test.",Data Science
"How does the concept of correlation differ from causation, and what are some common pitfalls to avoid when interpreting the results of a correlation analysis.",Data Science
"Explain the concept of cross-validation in machine learning, and describe how it is used to evaluate the performance of a model on unseen data.",Data Science
"Describe the process of data wrangling, including the steps involved in handling missing data, data normalization, and data transformation.",Data Science
What are the advantages and disadvantages of using a decision tree versus a random forest for classification and regression problems.,Data Science
"Explain the concept of ensemble learning, and describe how techniques such as bagging and boosting are used to combine the predictions of multiple models.",Data Science
"How does the concept of imbalanced datasets affect the performance of a machine learning model, and what techniques can be used to handle class imbalance.",Data Science
"Describe the role of feature engineering in the data science workflow, including the steps involved and the importance of each step.",Data Science
"What are the differences between a statistical model and a machine learning model, and how do you decide which type of model to use for a given problem.",Data Science
"Explain the concept of model interpretability, and describe how techniques such as feature importance and partial dependence plots are used to understand the predictions of a model.",Data Science
"Compare and contrast the concepts of clustering and classification in unsupervised and supervised learning, and explain how to choose between these two types of algorithms.",Data Science
"How does the concept of data leakage affect the performance of a machine learning model, and what techniques can be used to prevent or mitigate it.",Data Science
"Explain the role of hyperparameter tuning in machine learning, and describe how techniques such as grid search and random search are used to optimize model performance.",Data Science
What are the advantages and disadvantages of using a deep learning model versus a traditional machine learning model for image and text classification problems.,Data Science
"Describe the process of model deployment, including the steps involved in deploying a model to a production environment and monitoring its performance over time.",Data Science
"What are the primary differences between supervised and unsupervised learning algorithms in the context of data science, and how do you decide which one to use for a given problem.",Data Science
"How does the concept of overfitting affect the performance of a machine learning model, and what techniques can be used to prevent or mitigate it.",Data Science
"Describe the role of data preprocessing in the data science workflow, including data cleaning, feature scaling, and feature engineering, and explain why it is essential for building robust models.",Data Science
"Explain the concept of regularization in machine learning, including L1 and L2 regularization, and describe how they can be used to improve model generalization.",Data Science
"What is the purpose of cross-validation in model evaluation, and how does it help to prevent overfitting and provide a more accurate estimate of model performance.",Data Science
Compare and contrast the advantages and disadvantages of using decision trees versus random forests for classification and regression tasks.,Data Science
How does the choice of distance metric affect the performance of clustering algorithms such as k-means and hierarchical clustering.,Data Science
Describe the concept of dimensionality reduction and explain how techniques such as PCA and t-SNE can be used to reduce the number of features in a dataset.,Data Science
"Explain the difference between parametric and non-parametric statistical tests, and describe how they are used in data science to make inferences about populations.",Data Science
"What is the role of feature engineering in building effective machine learning models, and describe how domain knowledge can be used to create informative features.",Data Science
Explain the concept of ensemble learning and describe how techniques such as bagging and boosting can be used to combine multiple models and improve performance.,Data Science
"How does the concept of bias-variance tradeoff affect the performance of a machine learning model, and what techniques can be used to balance these competing factors.",Data Science
"Describe the process of data storytelling, including how to effectively communicate insights and results to both technical and non-technical stakeholders.",Data Science
What are the primary advantages and disadvantages of using deep learning models such as neural networks for image and speech recognition tasks.,Data Science
Explain the concept of transfer learning and describe how pre-trained models can be used to improve performance on related tasks with limited training data.,Data Science
"Compare and contrast the differences between frequentist and Bayesian approaches to statistical inference, and describe how they are used in data science.",Data Science
"How does the concept of correlation versus causation affect the interpretation of results in data science, and what techniques can be used to establish causal relationships.",Data Science
"Describe the role of data visualization in the data science workflow, including how to effectively use plots and charts to communicate insights and results.",Data Science
"Explain the concept of imbalanced datasets and describe how techniques such as oversampling, undersampling, and SMOTE can be used to handle class imbalance.",Data Science
"What are the primary differences between linear and logistic regression, and how do you decide which one to use for a given problem.",Data Science
Describe the concept of model interpretability and explain how techniques such as feature importance and partial dependence plots can be used to understand model behavior.,Data Science
"How does the concept of missing data affect the performance of a machine learning model, and what techniques can be used to handle missing values.",Data Science
Explain the concept of time series forecasting and describe how techniques such as ARIMA and Prophet can be used to predict future values.,Data Science
Compare and contrast the advantages and disadvantages of using relational databases versus NoSQL databases for storing and managing large datasets.,Data Science
"Describe the role of data governance in ensuring the quality and integrity of data, including how to establish policies and procedures for data management and security.",Data Science
Explain the concept of recommender systems and describe how techniques such as collaborative filtering and content-based filtering can be used to recommend products or services.,Data Science
"What are the primary differences between a traditional network and an Internet of Things network, and how do these differences impact network design and management?",Internet of Things
"How do IoT devices handle security threats, and what protocols can be implemented to prevent data breaches and unauthorized access?",Internet of Things
"Describe the role of edge computing in IoT applications, including its benefits and limitations in reducing latency and improving real-time processing.",Internet of Things
"What is the significance of IPv6 in IoT, and how does it address the issue of IP address scarcity in IoT networks?",Internet of Things
"Compare and contrast the various wireless communication protocols used in IoT, including Bluetooth, Wi-Fi, and Zigbee, in terms of range, power consumption, and data transfer rate.",Internet of Things
"Explain the concept of device management in IoT, including device provisioning, firmware updates, and remote monitoring, and discuss its importance in maintaining a secure and efficient IoT ecosystem.",Internet of Things
"Discuss the applications and benefits of using machine learning algorithms in IoT, including predictive maintenance, anomaly detection, and energy management.",Internet of Things
"How do IoT devices interact with the cloud, and what are the advantages and disadvantages of using cloud-based services for IoT data processing and storage?",Internet of Things
"Describe the architecture of a typical IoT system, including sensors, actuators, and gateways, and explain how they interact to collect and process data.",Internet of Things
"What are the key challenges in implementing IoT in industrial settings, including interoperability, scalability, and security, and how can they be addressed?",Internet of Things
"Explain the concept of digital twins in IoT, and discuss their potential applications in areas such as manufacturing, healthcare, and smart cities.",Internet of Things
"How do IoT devices handle data analytics, and what tools and techniques can be used to extract insights from large datasets generated by IoT devices?",Internet of Things
"Compare and contrast the different types of IoT sensors, including temperature, humidity, and motion sensors, in terms of their applications, accuracy, and power consumption.",Internet of Things
"Discuss the role of blockchain technology in IoT, including its potential applications in secure data sharing, device authentication, and supply chain management.",Internet of Things
"What are the primary concerns related to IoT device security, and how can they be mitigated using techniques such as encryption, secure boot, and intrusion detection?",Internet of Things
"Explain the concept of IoT protocols, including CoAP, MQTT, and HTTP, and discuss their characteristics, advantages, and limitations in IoT applications.",Internet of Things
"Describe the applications and benefits of using IoT in smart cities, including intelligent transportation systems, energy management, and waste management.",Internet of Things
"How do IoT devices handle privacy concerns, and what measures can be taken to protect user data and prevent unauthorized access?",Internet of Things
"Discuss the potential applications and benefits of using IoT in healthcare, including remote patient monitoring, medical device tracking, and telemedicine.",Internet of Things
"What are the key challenges in developing IoT applications for consumer markets, including usability, affordability, and interoperability, and how can they be addressed?",Internet of Things
"Explain the concept of IoT data processing, including real-time processing, batch processing, and stream processing, and discuss their applications and benefits.",Internet of Things
"Compare and contrast the different types of IoT gateways, including wireless sensor network gateways and industrial gateways, in terms of their features, applications, and limitations.",Internet of Things
"Discuss the potential applications and benefits of using IoT in agriculture, including precision farming, livestock monitoring, and crop management.",Internet of Things
"How do IoT devices handle energy harvesting and power management, and what techniques can be used to reduce energy consumption and prolong device lifespan?",Internet of Things
"Explain the concept of IoT simulation, including network simulation, device simulation, and scenario simulation, and discuss its importance in IoT system design and testing.",Internet of Things
"What are the primary differences between a Wireless Sensor Network and an Internet of Things network, and how do these differences impact the design and implementation of IoT systems.",Internet of Things
Describe the role of middleware in Internet of Things architectures and explain how it enables interoperability between heterogeneous devices and systems.,Internet of Things
Explain the concept of device management in IoT and discuss the challenges associated with managing a large number of devices in an IoT ecosystem.,Internet of Things
"Discuss the security threats and vulnerabilities associated with IoT devices and systems, and describe the measures that can be taken to mitigate these risks.",Internet of Things
"Compare and contrast the different wireless communication protocols used in IoT, such as Bluetooth, Wi-Fi, and Zigbee, in terms of their range, data rate, and power consumption.",Internet of Things
"What is the role of data analytics in IoT, and how can it be used to extract insights and make informed decisions from the vast amounts of data generated by IoT devices.",Internet of Things
"Describe the architecture of a typical IoT-based smart home system, including the devices, sensors, and actuators used, as well as the communication protocols and networks employed.",Internet of Things
"Explain the concept of fog computing in IoT and discuss its advantages over traditional cloud-based computing, including reduced latency and improved real-time processing.",Internet of Things
"Discuss the challenges and opportunities associated with integrating IoT with other emerging technologies, such as artificial intelligence, blockchain, and 5G networks.",Internet of Things
"Describe the different types of IoT devices, including constrained devices, gateway devices, and unconstrained devices, and explain their characteristics and applications.",Internet of Things
"What are the key factors that influence the choice of a suitable IoT platform for a particular application, and how do these factors impact the design and development of IoT systems.",Internet of Things
"Explain the concept of IoT device virtualization and discuss its benefits, including improved device management, increased security, and enhanced scalability.",Internet of Things
"Discuss the role of machine learning in IoT and describe how it can be used to improve the performance and efficiency of IoT systems, including predictive maintenance and anomaly detection.",Internet of Things
"Compare and contrast the different IoT communication models, including device-to-device, device-to-cloud, and device-to-gateway, in terms of their advantages and disadvantages.",Internet of Things
"Describe the security risks associated with IoT devices and systems, including data breaches, device hacking, and denial-of-service attacks, and discuss the measures that can be taken to mitigate these risks.",Internet of Things
"Explain the concept of IoT-based smart cities and describe the various applications and services that can be enabled by IoT technologies, including smart transportation, smart energy management, and smart waste management.",Internet of Things
"What are the challenges and limitations associated with deploying IoT systems in industrial environments, including harsh operating conditions, limited connectivity, and strict security requirements.",Internet of Things
"Discuss the role of edge computing in IoT and describe how it can be used to improve the performance and efficiency of IoT systems, including reduced latency and improved real-time processing.",Internet of Things
"Describe the different types of IoT sensors, including temperature sensors, humidity sensors, and motion sensors, and explain their characteristics and applications.",Internet of Things
"Explain the concept of IoT device authentication and authorization, and discuss the various mechanisms and protocols used to secure IoT devices and systems, including passwords, biometrics, and public key infrastructure.",Internet of Things
"Compare and contrast the different IoT development boards, including Arduino, Raspberry Pi, and ESP32, in terms of their features, capabilities, and applications.",Internet of Things
"Discuss the challenges and opportunities associated with integrating IoT with legacy systems, including data integration, system interoperability, and security.",Internet of Things
"Describe the role of cloud computing in IoT and explain how it can be used to support the deployment and management of IoT systems, including data storage, processing, and analytics.",Internet of Things
"Explain the concept of IoT-based smart energy management and describe the various applications and services that can be enabled by IoT technologies, including smart grids, smart meters, and energy efficiency optimization.",Internet of Things
"What are the key factors that influence the choice of a suitable IoT protocol for a particular application, and how do these factors impact the design and development of IoT systems.",Internet of Things
"What are the primary differences between a Wireless Sensor Network and an Internet of Things network, and how do these differences impact the design of IoT systems.",Internet of Things
Describe the role of middleware in Internet of Things architectures and explain how it facilitates communication between heterogeneous devices.,Internet of Things
"How does the Internet of Things enable smart homes and buildings, and what are the key technologies and protocols used to achieve this.",Internet of Things
"What is the significance of IPv6 in the context of the Internet of Things, and how does it address the issue of IP address scarcity.",Internet of Things
"Explain the concept of fog computing in IoT and its relationship to cloud computing, including the benefits and challenges of implementing fog computing in IoT systems.",Internet of Things
"Discuss the security risks associated with IoT devices and describe strategies for mitigating these risks, including encryption, secure boot mechanisms, and secure firmware updates.",Internet of Things
"Compare and contrast the characteristics of Zigbee, Bluetooth Low Energy, and Wi-Fi as wireless communication protocols for IoT applications.",Internet of Things
"What are the key features and applications of the Message Queue Telemetry Transport protocol in IoT, and how does it support device communication and data exchange.",Internet of Things
"Describe the architecture and operation of a typical IoT device, including the role of microcontrollers, sensors, and communication interfaces.",Internet of Things
"How does the Internet of Things impact the development of smart cities, including transportation systems, energy management, and public services.",Internet of Things
Explain the concept of device management in IoT and describe the challenges and strategies for managing large numbers of heterogeneous devices.,Internet of Things
"What is the role of data analytics in IoT, and how do machine learning and Big Data technologies support the extraction of insights from IoT data.",Internet of Things
"Discuss the applications and challenges of using IoT in industrial settings, including predictive maintenance, quality control, and supply chain management.",Internet of Things
"Describe the LoRaWAN protocol and its use in low-power wide-area networks for IoT applications, including its advantages and limitations.",Internet of Things
"How does the Constrained Application Protocol support resource-constrained devices in IoT, and what are its key features and benefits.",Internet of Things
"Explain the concept of edge computing in IoT and its relationship to real-time data processing, including the benefits and challenges of implementing edge computing in IoT systems.",Internet of Things
"What are the key challenges and limitations of IoT in terms of scalability, reliability, and interoperability, and how can these challenges be addressed.",Internet of Things
"Discuss the role of IoT in healthcare, including remote patient monitoring, medical device integration, and telemedicine, and describe the benefits and challenges of IoT in healthcare.",Internet of Things
"Describe the oneM2M standard and its role in enabling interoperability between IoT devices and applications, including its architecture and key features.",Internet of Things
"Explain the concept of a digital twin in IoT and its applications in areas such as manufacturing, logistics, and smart cities.",Internet of Things
"What are the implications of IoT for personal privacy, and how can individuals and organizations protect personal data in the context of IoT.",Internet of Things
"Compare and contrast the characteristics of different IoT development boards, including Arduino, Raspberry Pi, and ESP32, and describe their applications and limitations.",Internet of Things
"Discuss the applications and challenges of using IoT in environmental monitoring, including air and water quality monitoring, weather forecasting, and wildlife tracking.",Internet of Things
"Explain the concept of IoT-based cyber-physical systems and their applications in areas such as smart grids, transportation systems, and industrial automation.",Internet of Things
"Describe the role of the Internet of Things in enabling smart agriculture, including precision farming, livestock monitoring, and supply chain management, and discuss the benefits and challenges of IoT in agriculture.",Internet of Things
"What are the primary differences between a wireless sensor network and an Internet of Things network, and how do these differences impact the design of IoT systems?",Internet of Things
"How do IoT devices handle issues related to scalability, particularly when dealing with a large number of connected devices and massive amounts of sensor data?",Internet of Things
Describe the role of IPv6 in the Internet of Things and explain how it addresses the issue of IP address scarcity in IoT networks.,Internet of Things
"What are the key challenges in ensuring the security and privacy of data transmitted by IoT devices, and how can these challenges be addressed through the use of cryptographic techniques?",Internet of Things
"Explain the concept of a smart city and describe the role of IoT technologies in creating and managing such cities, including the types of sensors and devices used.",Internet of Things
"What is the difference between a hub-and-spoke and a mesh network topology in the context of IoT, and what are the advantages and disadvantages of each topology?",Internet of Things
"How do IoT devices interact with the cloud, and what are the benefits and challenges of using cloud-based services for IoT data processing and analysis?",Internet of Things
"Describe the role of machine learning and data analytics in IoT applications, including predictive maintenance, anomaly detection, and quality control.",Internet of Things
"What are the key factors to consider when designing an IoT system for a specific application or industry, including device selection, network topology, and data processing?",Internet of Things
"Explain the concept of device management in IoT and describe the importance of remote monitoring, firmware updates, and device authentication.",Internet of Things
"How do IoT devices handle issues related to power consumption and energy harvesting, particularly in battery-powered devices or devices located in remote or hard-to-reach areas?",Internet of Things
"What is the role of middleware in IoT, and how does it enable communication between devices, networks, and applications?",Internet of Things
"Describe the differences between narrowband IoT, broadband IoT, and low-power wide-area networks, including their applications, advantages, and limitations.",Internet of Things
"Explain the concept of a digital twin in the context of IoT and describe its potential applications in areas such as manufacturing, logistics, and healthcare.",Internet of Things
"What are the key challenges in ensuring the reliability and fault tolerance of IoT systems, particularly in mission-critical applications such as healthcare, transportation, and industrial automation?",Internet of Things
"How do IoT devices handle issues related to synchronization and timing, particularly in applications that require precise timing and coordination between devices?",Internet of Things
"Describe the role of edge computing in IoT and explain how it can be used to reduce latency, improve real-time processing, and enhance overall system performance.",Internet of Things
"What are the key considerations when designing an IoT system for use in a harsh or extreme environment, including temperature, humidity, vibration, and electromagnetic interference?",Internet of Things
"Explain the concept of IoT-based cyber-physical systems and describe their potential applications in areas such as smart grids, intelligent transportation systems, and industrial automation.",Internet of Things
"How do IoT devices handle issues related to data storage and management, particularly in applications that generate large amounts of sensor data or require long-term data retention?",Internet of Things
"What are the key factors to consider when evaluating the total cost of ownership of an IoT system, including device costs, network costs, and ongoing maintenance and support costs?",Internet of Things
"Describe the role of blockchain technology in IoT and explain how it can be used to enhance security, transparency, and accountability in IoT applications.",Internet of Things
"Explain the concept of human-machine interface in the context of IoT and describe the importance of user experience, usability, and accessibility in IoT device design.",Internet of Things
"What are the key challenges in ensuring the interoperability of IoT devices and systems, particularly in applications that involve multiple vendors, protocols, and technologies?",Internet of Things
"How do IoT devices handle issues related to firmware updates and security patches, particularly in devices that are difficult to access or update remotely?",Internet of Things
